iteration,clf__alpha,clf__l1_ratio,clf__n_iter,kbest__percentile,vec__max_df,vec__min_df,vec__ngram_range,vec__sublinear_tf,scores_10_fold_cv
1,7.25E-05,0.336270505,50,82.27301986,0.735947788,3,"(1, 2)",FALSE,0.960482263
2,6.30E-09,0.37843771,30,86.72507878,0.911915655,3,"(1, 1)",FALSE,0.941167238
3,1.30E-06,0.552856014,20,91.44961919,0.879072854,1,"(1, 1)",FALSE,0.944312815
4,8.30E-09,0.67528267,60,79.39928573,0.976892369,1,"(1, 2)",FALSE,0.955767757
5,9.38E-09,0.352865904,40,89.80752129,0.745593469,2,"(1, 2)",FALSE,0.952943426
6,8.72E-09,0.810235899,70,79.0507637,0.957146404,2,"(1, 1)",TRUE,0.942854385
7,4.33E-05,0.313056485,65,68.44141073,0.966724459,2,"(1, 3)",FALSE,0.962019109
8,5.26E-07,0.782247739,25,75.52130623,0.979398074,1,"(1, 3)",FALSE,0.954166132
9,5.40E-06,0.026911938,50,51.31854159,0.944261531,2,"(1, 2)",TRUE,0.96352062
10,1.30E-08,0.667286425,35,72.68888462,0.867803917,2,"(1, 1)",TRUE,0.942747309
11,6.00E-06,0.037013927,70,56.85808957,0.957543511,1,"(1, 1)",TRUE,0.950595544
12,1.04E-06,0.031092397,20,81.42263805,0.854318285,3,"(1, 1)",TRUE,0.941690497
13,1.78E-07,0.827080977,20,81.10788334,0.71394579,2,"(1, 3)",FALSE,0.95269978
14,2.34E-06,0.407279049,75,69.50523096,0.955683462,2,"(1, 3)",FALSE,0.958440918
15,3.49E-09,0.74730903,75,70.50362864,0.723668983,3,"(1, 3)",FALSE,0.953113142
16,3.67E-08,0.817222613,45,52.66612066,0.776523512,2,"(1, 3)",FALSE,0.95192007
17,2.98E-09,0.640332779,25,79.19076039,0.985823147,1,"(1, 2)",TRUE,0.954928741
18,1.77E-06,0.431648571,60,70.21895672,0.796868039,1,"(1, 3)",TRUE,0.962303825
19,4.81E-09,0.174439238,25,92.62207748,0.716809443,1,"(1, 1)",TRUE,0.944409869
20,2.00E-06,0.831178002,25,55.16778985,0.882211362,1,"(1, 2)",FALSE,0.952673621
21,1.89E-05,0.966092931,50,61.95469579,0.801656405,2,"(1, 2)",TRUE,0.948531843
22,1.40E-05,0.173705161,60,97.55932678,0.819121353,1,"(1, 3)",TRUE,0.964280396
23,1.09E-05,0.160940851,55,99.6396914,0.830800061,2,"(1, 2)",TRUE,0.962551031
24,1.49E-07,0.15534782,50,62.81964849,0.91308626,1,"(1, 2)",TRUE,0.955032743
25,2.93E-05,0.244119701,60,63.38874926,0.829487876,2,"(1, 3)",TRUE,0.963562071
26,3.60E-05,0.231586381,60,64.52342375,0.837896727,1,"(1, 3)",TRUE,0.96232593
27,8.55E-05,0.26603164,60,97.39030288,0.766500031,3,"(1, 3)",TRUE,0.961416409
28,1.93E-05,0.099277137,60,59.51420821,0.821786681,2,"(1, 3)",TRUE,0.965174338
29,7.14E-05,0.095928865,35,57.40478807,0.808464811,3,"(1, 3)",TRUE,0.964569978
30,8.58E-05,0.079769563,35,57.95894444,0.755191714,3,"(1, 3)",TRUE,0.96464696
31,9.78E-05,0.082502009,35,60.60907516,0.754552418,3,"(1, 3)",TRUE,0.964262122
32,5.14E-06,0.501371037,30,50.62062871,0.780845284,3,"(1, 3)",TRUE,0.956460339
33,7.57E-08,0.094829903,35,66.14952486,0.900923787,3,"(1, 3)",TRUE,0.953298156
34,1.51E-09,0.541189306,45,58.71239259,0.70510113,3,"(1, 3)",TRUE,0.953342243
35,5.69E-07,0.995931953,40,54.14461341,0.786427085,3,"(1, 3)",TRUE,0.951249139
36,5.12E-05,0.303109251,65,75.45721439,0.732418856,3,"(1, 3)",TRUE,0.962112323
37,8.99E-06,0.375348142,55,66.59135071,0.747162092,2,"(1, 1)",TRUE,0.948902125
38,2.10E-05,0.436066617,30,85.32649996,0.75895024,3,"(1, 3)",TRUE,0.959880984
39,3.32E-06,0.001246726,40,50.0331755,0.851372598,2,"(1, 3)",TRUE,0.963699667
40,7.83E-07,0.605869841,70,59.83310089,0.913424512,2,"(1, 1)",FALSE,0.941311501
41,3.40E-07,0.216400033,35,72.52645011,0.932720521,3,"(1, 3)",TRUE,0.953657914
42,2.21E-08,0.315720585,65,53.73813045,0.876843036,2,"(1, 3)",TRUE,0.954944263
43,3.60E-06,0.904589063,20,55.98861915,0.737436154,3,"(1, 1)",FALSE,0.935760306
44,5.38E-05,0.002390299,75,84.61936567,0.863571102,2,"(1, 2)",TRUE,0.966193245
45,8.17E-06,0.126912795,75,84.58684524,0.895130383,2,"(1, 2)",TRUE,0.96348233
46,2.20E-05,0.040431387,45,88.00781257,0.865056367,2,"(1, 2)",FALSE,0.964732462
47,5.51E-05,0.720430951,75,94.38635093,0.815333035,2,"(1, 2)",TRUE,0.957264642
48,1.03E-06,0.289659876,75,76.79524536,0.92814855,2,"(1, 2)",FALSE,0.956022801
49,2.77E-07,0.009463593,75,89.54887781,0.864557406,2,"(1, 2)",TRUE,0.954640749
50,3.81E-06,0.341685143,70,77.28501265,0.839950961,2,"(1, 2)",TRUE,0.960581679
51,6.91E-08,0.492548998,60,83.0152419,0.997174874,2,"(1, 2)",FALSE,0.952558303
52,1.53E-05,0.205277914,30,71.7837403,0.887683494,2,"(1, 1)",TRUE,0.951490577
53,2.62E-05,0.053658493,55,92.294729,0.846269564,2,"(1, 2)",TRUE,0.964572506
54,1.68E-06,0.124955257,20,80.8156144,0.792516421,2,"(1, 2)",FALSE,0.955421881
55,6.46E-06,0.001201661,50,88.14962315,0.822708325,2,"(1, 1)",TRUE,0.948434712
56,3.95E-05,0.610696455,75,74.22670357,0.929834435,1,"(1, 2)",TRUE,0.958943956
57,2.62E-06,0.414949146,60,67.77857691,0.970564138,2,"(1, 2)",TRUE,0.958765591
58,1.37E-05,0.196891864,25,78.54812716,0.804064937,2,"(1, 1)",FALSE,0.951273948
59,1.27E-06,0.267534435,60,82.36949856,0.772568448,1,"(1, 2)",TRUE,0.963093011
60,1.32E-07,0.459363288,40,95.79267457,0.874368698,2,"(1, 2)",TRUE,0.954347721
61,6.16E-05,0.136860749,75,90.49498036,0.950374462,2,"(1, 1)",TRUE,0.958554761
62,1.25E-09,0.386027216,45,85.74437192,0.901514537,1,"(1, 2)",FALSE,0.954195206
63,4.18E-07,0.049029461,65,74.0714771,0.810218924,2,"(1, 3)",TRUE,0.956760183
64,9.60E-05,0.55189393,70,99.73695299,0.856731235,2,"(1, 3)",TRUE,0.955938466
65,2.30E-07,0.914432124,50,64.88533889,0.83013495,1,"(1, 2)",TRUE,0.95314474
66,3.28E-05,0.037222207,45,88.82927342,0.864236334,2,"(1, 2)",FALSE,0.964748849
67,3.24E-05,0.062668208,45,94.28795636,0.882589674,2,"(1, 2)",FALSE,0.964230749
68,1.09E-05,0.178782219,45,87.0058375,0.841802607,2,"(1, 2)",FALSE,0.962286356
69,6.20E-06,0.109244385,45,80.15754517,0.859104659,2,"(1, 2)",FALSE,0.962254145
70,4.38E-05,0.001999941,55,97.62646004,0.907932196,2,"(1, 2)",FALSE,0.965350838
71,7.37E-05,0.243962709,55,83.78290835,0.940312221,2,"(1, 2)",FALSE,0.961419976
72,4.63E-05,0.08439181,55,97.55787308,0.919127843,2,"(1, 2)",FALSE,0.964124518
73,1.85E-05,0.013371709,55,92.36409351,0.897776802,2,"(1, 2)",FALSE,0.964602545
74,1.13E-05,0.16059216,55,69.03819269,0.982131157,2,"(1, 3)",FALSE,0.963119659
75,9.94E-05,0.068970386,60,71.0115361,0.888516941,2,"(1, 3)",FALSE,0.9634448
76,4.54E-06,0.116119037,25,52.26283464,0.959914791,2,"(1, 2)",FALSE,0.961256945
77,7.44E-07,0.362809291,40,90.77011631,0.909570917,2,"(1, 3)",TRUE,0.954277712
78,1.98E-08,0.707620108,20,95.45580029,0.920364129,1,"(1, 1)",FALSE,0.943789467
79,7.71E-06,0.783229683,30,98.39927493,0.792750684,2,"(1, 2)",TRUE,0.950834485
80,2.58E-05,0.261809553,75,76.9233265,0.825215397,2,"(1, 3)",TRUE,0.963046521
81,2.35E-06,0.148420942,55,86.4895277,0.996759491,2,"(1, 2)",FALSE,0.961301045
82,1.83E-05,0.026078056,65,62.05126831,0.907927187,3,"(1, 2)",TRUE,0.963674456
83,6.61E-05,0.000796975,60,93.82179467,0.940578808,2,"(1, 3)",TRUE,0.966011074
84,5.96E-09,0.220013815,60,93.99252661,0.940869163,1,"(1, 1)",TRUE,0.944340123
85,6.89E-05,0.183460244,70,96.41418701,0.968393007,2,"(1, 3)",FALSE,0.962242928
86,5.23E-05,0.310730969,75,98.91435229,0.871962333,2,"(1, 2)",TRUE,0.961763705
87,2.20E-09,0.022435551,50,91.24479783,0.975313904,2,"(1, 3)",TRUE,0.955182906
88,4.25E-05,0.274581246,35,93.24421572,0.952602552,3,"(1, 2)",FALSE,0.960887935
89,2.96E-06,0.000623713,55,89.36780578,0.946047924,2,"(1, 2)",TRUE,0.964302911
90,4.39E-08,0.323370757,25,81.54262155,0.963643118,1,"(1, 1)",TRUE,0.94644887
91,4.67E-06,0.100949918,30,83.92431563,0.933819584,2,"(1, 3)",FALSE,0.962891771
92,9.93E-06,0.847624803,20,87.57404954,0.903969869,2,"(1, 2)",TRUE,0.947910526
93,1.39E-05,0.528438089,60,78.26352426,0.922688046,3,"(1, 3)",TRUE,0.958626949
94,1.70E-06,0.656303469,75,96.38995873,0.993300786,2,"(1, 2)",FALSE,0.953768167
95,9.38E-09,0.234624177,40,85.54369442,0.987049621,2,"(1, 1)",TRUE,0.941881219
96,1.00E-04,0.584345574,65,99.85229681,0.893395238,1,"(1, 2)",TRUE,0.952726611
97,2.74E-05,0.07680132,60,93.52677755,0.881987449,2,"(1, 3)",FALSE,0.963802657
98,1.28E-06,0.13686991,55,90.03814703,0.89158447,3,"(1, 2)",TRUE,0.957244676
99,1.15E-07,0.470930994,75,95.24470593,0.848809353,2,"(1, 3)",FALSE,0.954108098
100,8.42E-05,0.049195831,70,79.96891063,0.83511495,2,"(1, 2)",TRUE,0.964767594
101,6.93E-06,0.194666385,50,88.55104361,0.918108492,1,"(1, 1)",TRUE,0.950392762
102,3.48E-05,0.400274806,35,83.14546733,0.936506419,2,"(1, 2)",FALSE,0.96088255
103,9.84E-07,0.000115229,60,96.98439954,0.946303218,2,"(1, 3)",TRUE,0.960358545
104,5.35E-07,0.343989888,55,91.31184172,0.925164822,3,"(1, 2)",FALSE,0.953288948
105,1.64E-05,0.16062789,30,98.77431089,0.868846737,2,"(1, 3)",TRUE,0.963349005
106,2.30E-05,0.289664274,25,92.73252272,0.859475187,2,"(1, 2)",TRUE,0.961689611
107,6.16E-05,0.973917357,20,86.90446071,0.91332684,2,"(1, 1)",FALSE,0.940879951
108,3.84E-06,0.113620952,75,81.81416797,0.878444013,1,"(1, 2)",TRUE,0.965099198
109,1.96E-07,0.433665224,40,91.97022174,0.814557314,2,"(1, 3)",FALSE,0.953835607
110,1.23E-05,0.063088626,65,84.65880243,0.958888402,3,"(1, 2)",TRUE,0.962746329
111,2.07E-06,0.027963289,60,94.72670758,0.844156315,2,"(1, 3)",TRUE,0.964029083
112,4.20E-05,0.22407862,55,98.15087303,0.886180858,2,"(1, 2)",FALSE,0.962582743
113,7.92E-05,0.089956185,75,74.31855478,0.974851893,2,"(1, 1)",TRUE,0.959787553
114,5.47E-06,0.688015565,50,86.36194024,0.852793756,1,"(1, 2)",FALSE,0.957360015
115,8.89E-06,0.141683777,35,75.98996063,0.904628369,2,"(1, 3)",TRUE,0.963412799
116,5.48E-05,0.205009365,70,73.14511967,0.89589254,2,"(1, 2)",TRUE,0.962976129
117,2.03E-08,0.183490432,60,89.49956117,0.987289346,3,"(1, 3)",FALSE,0.953071776
118,6.35E-08,0.879432125,55,82.52672148,0.937024539,2,"(1, 2)",TRUE,0.953435375
119,2.70E-05,0.245459914,25,78.95128169,0.83488328,2,"(1, 1)",FALSE,0.954952455
120,6.96E-07,0.521875656,30,80.79374144,0.803320839,1,"(1, 2)",TRUE,0.954765087
121,4.13E-07,0.789903875,20,78.01487484,0.929092267,2,"(1, 3)",TRUE,0.953517316
122,2.90E-08,0.756030634,75,88.05211799,0.702241075,2,"(1, 2)",FALSE,0.954276292
123,1.21E-08,0.0467635,40,84.77067096,0.783404851,3,"(1, 3)",TRUE,0.953351519
124,3.61E-05,0.001190651,65,95.96565552,0.954517077,2,"(1, 2)",FALSE,0.964993139
125,1.96E-05,0.123612039,45,97.55386592,0.964888496,2,"(1, 1)",TRUE,0.953408632
126,1.53E-06,0.61240536,60,90.09883539,0.872420823,1,"(1, 2)",TRUE,0.956053892
127,4.88E-05,0.375386475,55,93.72097658,0.762954698,2,"(1, 3)",FALSE,0.960969985
128,7.99E-06,0.289739147,75,99.69602928,0.915042057,2,"(1, 2)",TRUE,0.960701324
129,2.81E-06,0.329932547,70,91.54347676,0.863562159,3,"(1, 3)",FALSE,0.957856016
130,9.20E-08,0.454770224,50,99.9641499,0.947552082,2,"(1, 2)",TRUE,0.955354482
131,3.12E-09,0.069024204,35,83.69673017,0.828796773,2,"(1, 2)",TRUE,0.955514057
132,6.60E-05,0.171006666,60,95.18880245,0.89924278,1,"(1, 1)",FALSE,0.957842382
133,4.12E-06,0.027703303,55,87.46663308,0.715412361,2,"(1, 3)",TRUE,0.964543382
134,1.11E-05,0.567181256,30,67.20823224,0.907846216,2,"(1, 2)",FALSE,0.957832779
135,9.98E-05,0.0964132,25,69.94062438,0.981518906,2,"(1, 3)",TRUE,0.963257757
136,1.56E-05,0.937177636,75,86.10085614,0.875901523,3,"(1, 2)",TRUE,0.944531576
137,5.71E-06,0.145750589,20,75.664693,0.941209617,2,"(1, 2)",FALSE,0.960869496
138,3.38E-07,0.000709336,45,89.05999138,0.819900252,1,"(1, 1)",TRUE,0.944513247
139,9.78E-07,0.502711781,40,79.97333109,0.72457156,2,"(1, 3)",FALSE,0.953825302
140,2.11E-05,0.261282214,65,90.76753643,0.797912086,2,"(1, 2)",TRUE,0.962454836
141,3.44E-05,0.350034757,60,93.21999447,0.884938863,3,"(1, 3)",TRUE,0.961388286
142,3.17E-06,0.401372008,55,99.1283201,0.853963792,2,"(1, 2)",FALSE,0.957178638
143,7.91E-05,0.079766448,75,92.05246549,0.974016454,2,"(1, 2)",TRUE,0.964270545
144,4.41E-09,0.108951867,70,94.48186387,0.923579531,1,"(1, 1)",FALSE,0.944001364
145,9.95E-05,0.016861775,35,65.12363499,0.999456934,2,"(1, 3)",TRUE,0.965118557
146,2.67E-05,0.05230838,60,58.85106601,0.771173811,2,"(1, 3)",TRUE,0.965855081
147,2.79E-05,0.051267413,60,61.29416912,0.743936471,2,"(1, 3)",TRUE,0.966372888
148,1.31E-05,0.046129575,60,56.09254603,0.774745961,2,"(1, 3)",TRUE,0.965266964
149,5.62E-05,0.063394349,60,61.14144859,0.708861657,2,"(1, 3)",TRUE,0.965509033
150,2.45E-05,0.168753663,60,62.9590777,0.750139328,2,"(1, 3)",TRUE,0.964254581
151,3.15E-05,0.20874439,60,58.42487681,0.728339126,2,"(1, 3)",TRUE,0.96402245
152,9.30E-06,0.126650535,60,54.63008895,0.736126307,2,"(1, 3)",TRUE,0.964324088
153,4.52E-05,0.034082764,60,52.89310824,0.765169835,2,"(1, 3)",TRUE,0.96618398
154,6.98E-05,0.018537112,60,50.89540481,0.789734238,2,"(1, 3)",TRUE,0.966058448
155,4.21E-05,0.023140703,60,52.30354082,0.740196498,2,"(1, 3)",TRUE,0.966562003
156,4.44E-05,0.192759754,60,52.30134279,0.740851352,2,"(1, 3)",TRUE,0.964121114
157,2.08E-05,0.089805515,60,50.24494181,0.757540118,2,"(1, 3)",TRUE,0.964809406
158,6.34E-06,0.24378135,60,52.98672267,0.708800507,2,"(1, 3)",TRUE,0.962243513
159,1.60E-05,0.144253299,60,56.94786738,0.719856996,2,"(1, 3)",TRUE,0.964590011
160,1.13E-05,0.026171203,60,59.85659346,0.744288955,2,"(1, 3)",TRUE,0.96539453
161,4.65E-06,0.103496828,50,55.77676002,0.765682819,2,"(1, 3)",TRUE,0.963201118
162,3.67E-05,0.160982315,25,51.81965011,0.72904079,3,"(1, 3)",TRUE,0.963955316
163,7.19E-06,0.220082506,75,53.69792482,0.777468593,2,"(1, 3)",TRUE,0.962592322
164,5.23E-05,0.072332212,30,60.98418708,0.781603468,2,"(1, 3)",TRUE,0.965297528
165,9.78E-05,0.12526549,20,64.42466165,0.700199563,2,"(1, 3)",TRUE,0.962869863
166,2.22E-06,0.039989627,60,68.21209377,0.750039729,1,"(1, 3)",TRUE,0.964269315
167,2.99E-05,0.298653054,40,57.89731428,0.812413645,2,"(1, 3)",TRUE,0.962876978
168,1.40E-05,0.628626232,45,55.14315368,0.806153372,2,"(1, 3)",TRUE,0.958420574
169,8.31E-05,0.001536058,65,53.3236653,0.759946243,3,"(1, 3)",TRUE,0.966385149
170,8.62E-05,0.083411498,65,71.65177732,0.798014819,3,"(1, 3)",TRUE,0.964421177
171,8.97E-06,0.011062391,65,66.25704681,0.737502067,3,"(1, 3)",TRUE,0.963011591
172,6.59E-05,0.189981272,65,61.90877163,0.754490544,3,"(1, 3)",TRUE,0.963759421
173,2.10E-09,0.726570411,65,53.91493538,0.721027245,3,"(1, 3)",TRUE,0.952713889
174,1.64E-07,0.115778464,65,51.28044754,0.708490744,3,"(1, 3)",TRUE,0.95375808
175,1.91E-05,0.260282628,65,64.15892303,0.789290931,3,"(1, 3)",TRUE,0.962150126
176,3.77E-06,0.056501997,65,59.65293049,0.732577216,3,"(1, 1)",TRUE,0.943189457
177,1.43E-06,0.149047709,75,50.06784899,0.714471617,3,"(1, 3)",TRUE,0.959235021
178,2.39E-05,0.31781973,70,72.48695804,0.743733659,3,"(1, 3)",TRUE,0.96190186
179,3.69E-05,0.001498637,50,57.67868668,0.770736843,3,"(1, 3)",TRUE,0.965821174
180,7.46E-05,0.098739025,35,56.97156381,0.761596824,3,"(1, 1)",TRUE,0.960170002
181,6.48E-07,0.418357801,75,55.35043103,0.752265876,3,"(1, 3)",TRUE,0.952067824
182,9.96E-05,0.854112074,25,65.65124883,0.700431677,3,"(1, 3)",TRUE,0.951819574
183,4.80E-08,0.367670207,30,63.31308098,0.818215027,3,"(1, 3)",TRUE,0.953461995
184,5.67E-05,0.179310455,20,62.36726663,0.839676099,3,"(1, 1)",TRUE,0.958786201
185,1.68E-05,0.001818367,65,67.20762216,0.824329425,1,"(1, 3)",TRUE,0.964057238
186,2.76E-07,0.231538269,40,70.62056943,0.795773792,3,"(1, 3)",TRUE,0.953064758
187,5.36E-06,0.270328145,45,56.14494358,0.782548791,1,"(1, 3)",TRUE,0.964175338
188,2.66E-06,0.136275992,75,60.52700691,0.723789967,3,"(1, 3)",TRUE,0.960475895
189,1.14E-05,0.057433515,70,54.76228375,0.807922381,3,"(1, 1)",TRUE,0.950124054
190,4.25E-07,0.475243921,65,69.21624981,0.758620035,1,"(1, 3)",TRUE,0.957353593
191,2.84E-05,0.032993414,50,50.16812891,0.73961902,3,"(1, 3)",TRUE,0.965600767
192,8.99E-07,0.07681058,35,77.57151997,0.831638618,3,"(1, 3)",TRUE,0.954829738
193,1.91E-06,0.20945924,75,53.27559571,0.729954638,2,"(1, 3)",TRUE,0.961929925
194,4.20E-05,0.674688566,25,51.7701916,0.771653699,1,"(1, 1)",TRUE,0.953996909
195,8.36E-05,0.159722588,20,54.12477458,0.747314645,2,"(1, 3)",TRUE,0.962655607
196,5.00E-05,0.999964763,30,58.30417451,0.714976196,2,"(1, 3)",TRUE,0.953924235
197,8.89E-06,0.098624401,40,74.4164494,0.778952651,3,"(1, 3)",TRUE,0.962003044
198,6.75E-06,0.040468834,45,60.04371015,0.787767156,2,"(1, 2)",TRUE,0.963717739
199,1.61E-05,0.000845641,65,58.92468557,0.849740676,2,"(1, 3)",TRUE,0.965938659
200,1.18E-06,0.115166545,75,76.47945833,0.80123386,1,"(1, 1)",TRUE,0.948547462
201,1.57E-08,0.28667944,70,51.56466151,0.86538401,2,"(1, 3)",TRUE,0.95172101
202,7.33E-09,0.804831436,60,73.26119311,0.844083046,3,"(1, 2)",TRUE,0.953825775
203,2.29E-05,0.073891885,35,64.04382762,0.709777476,2,"(1, 3)",TRUE,0.96520439
204,1.07E-09,0.247918092,50,56.44937957,0.767379286,2,"(1, 2)",TRUE,0.954054459
205,2.99E-08,0.01902484,65,61.68308153,0.702664086,2,"(1, 3)",TRUE,0.953313735
206,3.37E-06,0.129701377,60,52.79450098,0.735020019,3,"(1, 3)",TRUE,0.960418775
207,6.57E-05,0.568429476,75,68.44102467,0.725782259,2,"(1, 2)",TRUE,0.958203966
208,9.88E-05,0.185603515,25,80.59916361,0.812774444,1,"(1, 1)",TRUE,0.959380671
209,1.27E-05,0.058411152,30,79.33562634,0.746731835,2,"(1, 3)",TRUE,0.964433506
210,2.91E-05,0.198624598,20,50.87521641,0.825446335,3,"(1, 3)",TRUE,0.963381124
211,3.91E-05,0.164914,60,82.09410579,0.858515089,2,"(1, 2)",TRUE,0.963714569
212,9.11E-08,0.387386171,40,75.35343953,0.719004535,2,"(1, 3)",TRUE,0.953679736
213,4.61E-06,0.000373322,65,54.73629809,0.760639905,3,"(1, 3)",TRUE,0.960796485
214,1.92E-05,0.762121247,45,57.31135153,0.753867357,2,"(1, 2)",TRUE,0.956921236
215,5.48E-05,0.088804932,75,71.43577231,0.78659116,1,"(1, 1)",TRUE,0.95992988
216,8.32E-06,0.037067542,60,65.6912829,0.890508113,2,"(1, 3)",TRUE,0.964717376
217,8.32E-05,0.231447445,35,50.0318917,0.793532473,3,"(1, 3)",TRUE,0.962211307
218,3.34E-05,0.941495294,70,59.14651085,0.777171902,2,"(1, 2)",TRUE,0.954659185
219,1.05E-05,0.139465269,65,63.38807193,0.879407643,2,"(1, 3)",TRUE,0.963968907
220,2.46E-06,0.019353879,50,67.08187747,0.834053839,3,"(1, 3)",TRUE,0.960768431
221,5.99E-06,0.108284593,60,61.19908827,0.81831976,2,"(1, 2)",TRUE,0.963527453
222,4.54E-05,0.301975686,75,85.14140526,0.7413938,1,"(1, 1)",TRUE,0.95769386
223,2.60E-05,0.526580283,20,55.82444923,0.801077822,2,"(1, 3)",TRUE,0.960969163
224,9.79E-05,0.330847307,25,70.09579519,0.871219393,3,"(1, 3)",TRUE,0.959555168
225,1.27E-07,0.052948766,60,52.10596179,0.732822248,2,"(1, 2)",TRUE,0.95256803
226,2.02E-07,0.150340949,30,83.68390861,0.765045431,2,"(1, 3)",TRUE,0.953190484
227,1.34E-05,0.446641122,40,57.41065841,0.841972692,3,"(1, 3)",TRUE,0.959448796
228,6.64E-05,0.215894191,65,54.0916178,0.808153111,2,"(1, 2)",TRUE,0.962610133
229,1.77E-06,0.348425393,45,62.79698236,0.705992202,1,"(1, 1)",TRUE,0.945958049
230,1.58E-05,0.07512682,75,60.24516849,0.718257672,2,"(1, 3)",TRUE,0.96535249
231,2.19E-05,0.000473529,60,52.89962045,0.77358798,3,"(1, 3)",TRUE,0.964654853
232,5.23E-07,0.496469877,55,78.29747738,0.756045655,2,"(1, 2)",TRUE,0.95288322
233,3.21E-05,0.702031423,70,50.81180347,0.847401179,2,"(1, 3)",TRUE,0.958782715
234,7.36E-06,0.255548741,65,58.15551677,0.854850286,3,"(1, 3)",FALSE,0.959957312
235,3.77E-06,0.648631225,35,64.835772,0.793691853,2,"(1, 2)",TRUE,0.951919142
236,5.77E-05,0.274292689,60,73.53433807,0.712057936,1,"(1, 1)",TRUE,0.957835594
237,3.97E-05,0.176613741,50,72.53445417,0.743508418,2,"(1, 3)",TRUE,0.963693447
238,7.43E-05,0.118777216,75,50.05256381,0.725079274,3,"(1, 3)",TRUE,0.964265929
239,1.84E-05,0.024487408,25,66.52990178,0.827912496,2,"(1, 2)",FALSE,0.964810491
240,4.93E-05,0.00022641,30,56.76670966,0.783672938,2,"(1, 3)",TRUE,0.966772004
241,9.93E-05,0.09584043,30,59.26638533,0.784073514,2,"(1, 3)",TRUE,0.963807315
242,9.66E-06,0.065432571,30,56.61762454,0.749543814,3,"(1, 3)",TRUE,0.962561672
243,5.40E-06,0.032272482,60,61.71326701,0.737092401,2,"(1, 3)",TRUE,0.964223356
244,1.27E-06,0.126681384,30,55.22076945,0.768982977,1,"(1, 3)",TRUE,0.964792994
245,1.74E-09,0.154210284,30,53.64545875,0.778713773,2,"(1, 3)",TRUE,0.953843054
246,3.26E-06,0.602830706,30,52.22653521,0.70031685,3,"(1, 3)",FALSE,0.950744139
247,2.32E-05,0.209954836,30,60.58013496,0.759074525,2,"(1, 3)",TRUE,0.964194051
248,1.40E-05,0.045090641,30,63.87441676,0.729753958,2,"(1, 3)",TRUE,0.965168454
249,2.79E-07,0.00104715,30,62.67175234,0.748488383,3,"(1, 3)",TRUE,0.953072166
250,4.73E-05,0.100625096,30,56.56616204,0.761945364,2,"(1, 3)",TRUE,0.965190751
251,8.82E-07,0.079953852,20,55.15772784,0.787614826,1,"(1, 3)",TRUE,0.961466863
252,1.08E-08,0.174757023,65,58.16940953,0.720783309,2,"(1, 3)",FALSE,0.953454809
253,9.89E-05,0.415509346,40,51.06001097,0.804284794,3,"(1, 3)",TRUE,0.958044338
254,5.04E-09,0.231765629,45,54.09248399,0.754584943,2,"(1, 3)",TRUE,0.954500025
255,3.01E-05,0.307333198,60,65.52651788,0.739133992,2,"(1, 3)",TRUE,0.962801377
256,1.15E-05,0.735936854,55,59.43000275,0.775368379,3,"(1, 3)",TRUE,0.954246392
257,7.66E-06,0.018214811,30,69.13002351,0.731927362,2,"(1, 3)",TRUE,0.964615151
258,3.66E-05,0.046655926,75,57.17832993,0.814117209,2,"(1, 3)",TRUE,0.966018852
259,5.96E-05,0.060234949,70,55.81786008,0.821256512,2,"(1, 3)",TRUE,0.965720718
260,7.11E-05,0.01401388,35,52.87595831,0.860815471,2,"(1, 3)",TRUE,0.966637818
261,4.99E-05,0.11656771,35,52.81936671,0.770807495,2,"(1, 3)",TRUE,0.964720194
262,7.82E-05,0.001899641,35,51.86660361,0.796646038,2,"(1, 3)",TRUE,0.966337144
263,9.86E-05,0.080842551,35,54.36459695,0.83624602,2,"(1, 3)",TRUE,0.963841977
264,7.17E-05,0.024144746,35,53.2141363,0.744593042,2,"(1, 3)",TRUE,0.965898941
265,2.60E-05,0.145088962,35,50.58413279,0.861596705,2,"(1, 3)",TRUE,0.965017
266,1.78E-05,0.063101304,35,58.48235151,0.715479276,2,"(1, 3)",TRUE,0.965416093
267,4.38E-05,0.038649647,35,50.01832402,0.765656341,2,"(1, 3)",TRUE,0.966030205
268,3.19E-05,0.010867209,35,55.52758555,0.7813137,2,"(1, 3)",TRUE,0.966313279
269,2.33E-05,0.098439882,35,51.72958086,0.755702346,2,"(1, 3)",TRUE,0.965183318
270,5.58E-05,1.00E-05,65,57.33550032,0.724691676,2,"(1, 3)",TRUE,0.966439751
271,7.61E-05,0.193980463,65,57.12617994,0.707294808,2,"(1, 3)",TRUE,0.962594473
272,5.35E-05,0.13738238,65,54.77666941,0.72369107,2,"(1, 3)",TRUE,0.964641288
273,3.78E-05,0.083241444,65,60.14476318,0.868794902,2,"(1, 3)",TRUE,0.965307679
274,5.98E-05,0.024285765,65,53.04637764,0.884973736,2,"(1, 3)",TRUE,0.966166087
275,1.97E-05,0.108468597,65,51.2519129,0.701509367,2,"(1, 3)",TRUE,0.965065814
276,8.73E-05,0.0092292,65,56.44789298,0.809439942,2,"(1, 3)",TRUE,0.965986202
277,1.45E-05,0.04501481,65,57.93179407,0.712366838,2,"(1, 3)",TRUE,0.965697136
278,4.05E-05,0.003504985,65,50.12625371,0.899581612,2,"(1, 3)",TRUE,0.96663211
279,1.06E-05,0.068002993,65,52.12327395,0.914159494,2,"(1, 1)",TRUE,0.950545107
280,4.46E-06,0.159418392,50,53.75163915,0.932340815,2,"(1, 3)",TRUE,0.963032561
281,6.50E-06,0.126041108,65,50.6954842,0.904811185,2,"(1, 3)",TRUE,0.963827644
282,5.98E-08,0.002612165,25,61.89554586,0.897528824,2,"(1, 3)",FALSE,0.952933293
283,4.40E-05,0.841927519,20,59.41218242,0.881057419,2,"(1, 3)",TRUE,0.956525839
284,9.95E-05,0.035521745,35,50.12177607,0.891407942,2,"(1, 3)",TRUE,0.964792611
285,1.79E-05,0.088378313,30,50.04260328,0.909625575,2,"(1, 3)",TRUE,0.965344135
286,3.00E-05,0.883650297,40,55.7787073,0.924318179,2,"(1, 1)",TRUE,0.945187576
287,1.24E-05,0.178507966,65,60.71091288,0.873312856,2,"(1, 3)",TRUE,0.963948489
288,6.32E-05,0.070465858,45,54.20084678,0.893886525,2,"(1, 3)",FALSE,0.964568619
289,9.24E-06,0.000341686,55,67.84238219,0.920054861,2,"(1, 3)",TRUE,0.965330332
290,2.19E-05,0.202937644,70,52.46021196,0.901507968,2,"(1, 3)",TRUE,0.964440674
291,3.50E-05,0.114882704,65,58.73508815,0.875363166,2,"(1, 3)",TRUE,0.965004791
292,9.91E-05,0.140993898,30,54.80753585,0.952671334,2,"(1, 3)",TRUE,0.962452842
293,1.54E-05,0.020203091,50,56.6295417,0.888984889,2,"(1, 1)",TRUE,0.95378549
294,4.16E-05,0.046575517,35,51.43386901,0.859518911,2,"(1, 3)",TRUE,0.966404048
295,2.86E-06,0.086408368,25,62.39716679,0.854491443,2,"(1, 3)",FALSE,0.961172169
296,2.47E-05,0.24418277,65,57.57194281,0.846582495,2,"(1, 3)",TRUE,0.963164551
297,4.87E-06,0.159578136,20,55.67152791,0.866058369,1,"(1, 3)",TRUE,0.965102112
298,5.41E-05,0.969493559,30,64.53202458,0.85132389,2,"(1, 3)",TRUE,0.954335618
299,6.46E-05,0.001738074,40,63.09614751,0.881936708,2,"(1, 3)",TRUE,0.966566512
300,7.45E-06,0.064050208,40,66.21396951,0.879545912,2,"(1, 1)",TRUE,0.949077896
301,6.99E-05,0.28304034,40,62.87968672,0.916785102,2,"(1, 3)",TRUE,0.961175432
302,3.10E-05,0.544306522,40,63.71621292,0.937550816,2,"(1, 3)",FALSE,0.959722775
303,2.22E-06,0.475377742,40,60.98970502,0.9004991,1,"(1, 3)",TRUE,0.962195518
304,1.17E-05,0.101995262,40,59.48722709,0.90845045,2,"(1, 3)",TRUE,0.964570505
305,4.27E-05,0.030112704,40,53.62177328,0.929256077,2,"(1, 3)",TRUE,0.966155477
306,7.89E-05,0.120223274,40,52.71927774,0.871105017,2,"(1, 3)",TRUE,0.963631519
307,2.07E-05,0.175412776,40,58.48951636,0.840403757,2,"(1, 1)",TRUE,0.955015682
308,1.66E-05,0.053246486,40,54.85499055,0.896416246,2,"(1, 3)",FALSE,0.964926165
309,6.05E-06,0.016506771,35,50.03089051,0.945773206,2,"(1, 3)",TRUE,0.964366015
310,9.75E-06,0.364453889,40,65.16541009,0.883623192,1,"(1, 3)",TRUE,0.963564236
311,2.54E-05,0.221228579,55,70.83216208,0.961808452,2,"(1, 3)",TRUE,0.963390959
312,1.68E-08,0.629479467,45,51.23725376,0.829873637,2,"(1, 3)",TRUE,0.95367869
313,3.77E-05,0.139324513,30,67.45465175,0.861112459,2,"(1, 3)",TRUE,0.964177581
314,2.50E-08,0.584369641,70,60.43641876,0.837643666,2,"(1, 1)",TRUE,0.941072837
315,8.49E-05,0.09116748,35,56.22196692,0.887041065,2,"(1, 3)",TRUE,0.964047828
316,4.06E-08,0.001723168,50,68.56914259,0.877325084,2,"(1, 3)",FALSE,0.952358766
317,1.61E-06,0.198560792,40,52.03646087,0.867151487,1,"(1, 3)",TRUE,0.964367856
318,4.89E-05,0.040015101,25,53.18162198,0.91245026,2,"(1, 3)",TRUE,0.966264563
319,1.38E-05,0.000277211,30,61.35171216,0.905184131,2,"(1, 3)",TRUE,0.965850945
320,6.14E-05,0.077227005,20,54.55528715,0.857369364,2,"(1, 3)",TRUE,0.965186255
321,8.10E-06,0.110638467,35,58.90596,0.848164729,2,"(1, 1)",TRUE,0.948981672
322,2.79E-05,0.258309156,45,57.5160959,0.825769635,2,"(1, 3)",TRUE,0.963032568
323,9.99E-05,0.330065874,55,50.09737748,0.843441359,2,"(1, 3)",FALSE,0.958190179
324,6.95E-05,0.166208139,40,69.71595113,0.922434783,1,"(1, 3)",TRUE,0.959366212
325,3.60E-06,0.055938507,30,63.41867521,0.891414722,2,"(1, 3)",TRUE,0.963682793
326,1.93E-05,0.819245514,70,50.9586188,0.817785378,2,"(1, 3)",TRUE,0.957123636
327,3.17E-05,0.024113473,35,55.79647574,0.83244019,2,"(1, 3)",TRUE,0.966489452
328,4.71E-05,0.38935946,25,60.19197561,0.875267172,2,"(1, 1)",TRUE,0.957461493
329,9.71E-05,0.770825254,50,62.02091791,0.899076177,2,"(1, 3)",TRUE,0.95251694
330,1.29E-05,0.13114004,40,54.26207484,0.941656022,2,"(1, 3)",FALSE,0.963707204
331,5.24E-06,0.068893951,20,56.42031313,0.934279335,1,"(1, 3)",TRUE,0.964419017
332,3.87E-05,0.151549305,30,52.26159828,0.853132707,2,"(1, 3)",TRUE,0.964266574
333,7.14E-07,0.431442101,35,58.18233986,0.928046926,2,"(1, 3)",TRUE,0.952486741
334,2.55E-09,0.22755076,55,53.52919802,0.863186961,2,"(1, 3)",TRUE,0.954294765
335,2.16E-05,0.514339898,45,50.07108809,0.882832296,2,"(1, 1)",TRUE,0.95250124
336,5.16E-07,0.093077777,60,66.7488737,0.918926552,2,"(1, 3)",TRUE,0.954754747
337,7.05E-05,0.187394145,70,55.42157914,0.956730588,2,"(1, 3)",FALSE,0.962726099
338,1.69E-05,0.036607127,40,74.82461493,0.868740658,1,"(1, 3)",TRUE,0.963974387
339,9.85E-05,0.122855215,30,64.48716583,0.821826899,2,"(1, 3)",TRUE,0.962973699
340,1.09E-05,0.012137842,35,59.70853911,0.970005441,2,"(1, 3)",TRUE,0.965472817
341,4.10E-06,0.929472204,50,56.66534558,0.910802731,2,"(1, 3)",TRUE,0.948427015
342,5.11E-05,0.0590112,60,51.98429541,0.886903818,2,"(1, 1)",TRUE,0.959732408
343,4.02E-09,0.686075433,40,50.94169213,0.902897412,2,"(1, 3)",TRUE,0.953816145
344,9.15E-08,0.026726712,25,62.83018904,0.89410977,2,"(1, 3)",FALSE,0.95330587
345,6.49E-06,0.212966132,30,61.45743468,0.839587157,1,"(1, 3)",TRUE,0.964325124
346,3.38E-05,0.274833913,20,71.66829028,0.801381467,2,"(1, 3)",TRUE,0.962564185
347,6.09E-05,0.100161402,35,58.54537761,0.878024948,2,"(1, 3)",TRUE,0.964992953
348,2.55E-05,0.001405308,45,65.56426517,0.850123723,2,"(1, 3)",TRUE,0.965892257
349,1.71E-05,0.157894983,60,53.93461754,0.860213562,2,"(1, 3)",TRUE,0.964935018
350,8.91E-06,0.312465033,55,55.04130343,0.832866993,2,"(1, 1)",TRUE,0.948539271
351,2.71E-06,0.076291927,40,50.03290234,0.873258331,2,"(1, 3)",FALSE,0.962322395
352,7.92E-05,0.044644333,70,57.31521372,0.950451976,1,"(1, 3)",TRUE,0.960281949
353,1.62E-07,0.13963112,35,52.26724181,0.92642457,2,"(1, 3)",TRUE,0.95295588
354,3.71E-07,0.188884756,30,53.17136865,0.811960926,2,"(1, 3)",TRUE,0.953103453
355,1.05E-06,0.238035927,50,59.63078982,0.913226337,2,"(1, 3)",TRUE,0.957196394
356,1.39E-05,0.109116583,60,51.20613343,0.790913347,2,"(1, 1)",TRUE,0.952761966
357,3.79E-05,0.01564774,40,60.92962777,0.866892906,2,"(1, 3)",TRUE,0.966444295
358,2.32E-05,0.888575437,25,63.99994814,0.84587596,2,"(1, 3)",FALSE,0.953004268
359,4.56E-05,0.082529116,30,57.71178163,0.855622606,1,"(1, 3)",TRUE,0.962808711
360,2.78E-05,0.002141089,20,54.89612647,0.896145315,2,"(1, 3)",TRUE,0.966630049
361,9.83E-05,0.000756985,20,61.93954406,0.905911286,2,"(1, 3)",TRUE,0.966027136
362,7.48E-06,0.000141558,20,55.7120074,0.990367849,2,"(1, 3)",TRUE,0.964405047
363,1.90E-06,0.057826937,20,58.76931076,0.891204698,2,"(1, 3)",TRUE,0.958462345
364,2.89E-05,0.040446552,35,68.05707145,0.91917436,2,"(1, 1)",TRUE,0.957177642
365,8.21E-09,0.173663372,20,56.90867577,0.933904371,2,"(1, 3)",FALSE,0.952398372
366,6.26E-05,0.118274387,20,62.64386244,0.896978167,2,"(1, 3)",TRUE,0.964173724
367,4.92E-06,0.095770135,20,54.48958396,0.888915698,1,"(1, 3)",TRUE,0.964978361
368,1.10E-05,0.351780973,20,65.99480144,0.979618947,2,"(1, 3)",TRUE,0.960695195
369,9.98E-05,0.026511885,20,60.16718652,0.880588218,2,"(1, 3)",TRUE,0.965366922
370,8.18E-05,0.863456049,20,64.74533399,0.903623616,2,"(1, 3)",TRUE,0.952770125
371,1.37E-09,0.068763274,20,76.86662532,0.913437561,2,"(1, 1)",TRUE,0.941871872
372,1.43E-06,0.144901173,20,69.32373041,0.940967607,2,"(1, 3)",FALSE,0.954703334
373,1.95E-05,0.259578012,20,70.51785765,0.923527515,2,"(1, 2)",TRUE,0.962652769
374,5.24E-05,0.054219881,45,72.50969255,0.885609095,1,"(1, 3)",TRUE,0.961906683
375,1.43E-05,0.28926494,55,63.62360438,0.862717193,2,"(1, 3)",TRUE,0.962519758
376,3.06E-06,0.797513615,40,52.88410425,0.870942941,2,"(1, 3)",TRUE,0.949571728
377,3.19E-05,0.19940156,70,55.15454407,0.930039018,2,"(1, 3)",TRUE,0.964341487
378,2.57E-05,0.16547685,65,59.04646736,0.897453097,2,"(1, 3)",TRUE,0.964621419
379,9.59E-06,0.123844194,30,56.51909113,0.94688437,2,"(1, 1)",FALSE,0.949454507
380,5.87E-06,0.001172117,20,50.05444471,0.878003803,2,"(1, 3)",TRUE,0.9638194
381,7.08E-05,0.087917094,35,54.1501531,0.836814101,1,"(1, 3)",TRUE,0.960734233
382,3.79E-05,0.036879656,50,57.8960955,0.852932407,2,"(1, 2)",TRUE,0.965875017
383,2.02E-05,0.987574901,25,51.47577931,0.916869033,2,"(1, 3)",TRUE,0.949502928
384,2.13E-07,0.708268419,40,60.51915512,0.908666442,2,"(1, 3)",TRUE,0.950608019
385,4.05E-06,0.215795795,65,67.09272827,0.967191612,2,"(1, 3)",TRUE,0.962908968
386,9.94E-05,0.745133707,30,61.53241725,0.827762704,2,"(1, 3)",FALSE,0.951888279
387,5.00E-05,0.02014282,35,53.21609329,0.841931677,2,"(1, 2)",TRUE,0.966242635
388,1.26E-05,0.458221517,20,55.80402974,0.893289347,1,"(1, 1)",TRUE,0.950963756
389,1.17E-07,0.135408759,45,50.83414221,0.957494684,2,"(1, 3)",TRUE,0.952638125
390,6.42E-05,0.000142746,55,59.28325183,0.88446263,2,"(1, 3)",TRUE,0.966311437
391,3.16E-05,0.663419663,40,73.88693302,0.866318777,2,"(1, 3)",TRUE,0.959443541
392,2.29E-06,0.072358341,75,57.97806265,0.847033295,2,"(1, 3)",TRUE,0.963893862
393,1.63E-05,0.098686772,70,54.70299029,0.874033825,2,"(1, 3)",TRUE,0.964654305
394,4.16E-05,0.245321765,65,64.97543751,0.901978525,2,"(1, 3)",FALSE,0.962112914
395,5.57E-08,0.048305001,30,62.43672882,0.934829943,1,"(1, 1)",TRUE,0.943807521
396,7.72E-06,0.022016247,35,57.15211658,0.881109469,2,"(1, 2)",TRUE,0.963710831
397,8.31E-05,0.584138271,20,53.82886747,0.817897298,2,"(1, 3)",TRUE,0.955944819
398,2.24E-05,0.154916459,25,52.36343265,0.92130843,2,"(1, 3)",TRUE,0.964590057
399,5.59E-05,0.112405902,40,66.14987034,0.857013322,2,"(1, 3)",TRUE,0.964754116
400,7.60E-08,0.061404434,50,60.14588012,0.86086629,2,"(1, 3)",TRUE,0.952769697
401,9.53E-06,0.484666377,30,56.3252044,0.895485057,3,"(1, 3)",FALSE,0.957507416
402,2.66E-05,0.000848699,60,52.04327935,0.887850237,2,"(1, 3)",TRUE,0.966479467
403,4.44E-05,0.030533834,60,51.28505743,0.910455102,2,"(1, 3)",TRUE,0.966121933
404,3.52E-05,0.001661637,60,53.18137411,0.87317513,2,"(1, 3)",TRUE,0.966538284
405,7.35E-05,0.045542957,60,50.05958945,0.901808183,2,"(1, 3)",TRUE,0.965339025
406,5.73E-05,0.08329885,65,55.27589344,0.882920697,2,"(1, 3)",TRUE,0.964962935
407,4.27E-05,0.021651301,35,53.95374463,0.891589584,2,"(1, 3)",TRUE,0.966544167
408,9.89E-05,0.070720366,60,50.1549436,0.865822608,2,"(1, 3)",TRUE,0.964198558
409,1.82E-05,0.001676153,45,52.3706726,0.805316865,2,"(1, 3)",TRUE,0.966576234
410,1.64E-05,0.002323074,45,52.71436684,0.808254371,2,"(1, 3)",TRUE,0.965679381
411,2.62E-05,0.049097294,45,51.51978569,0.799945264,2,"(1, 3)",TRUE,0.965909791
412,1.25E-05,0.100000977,45,56.19194129,0.822822503,2,"(1, 3)",TRUE,0.964336815
413,1.92E-05,0.017648562,45,54.98295241,0.795122055,2,"(1, 3)",TRUE,0.965977562
414,3.14E-05,0.036744405,45,58.03129077,0.802267802,2,"(1, 3)",TRUE,0.966081482
415,6.53E-06,0.127999969,45,53.64300481,0.781720153,2,"(1, 3)",TRUE,0.963225364
416,1.52E-05,0.087731748,45,58.85772741,0.811936882,2,"(1, 3)",TRUE,0.964881824
417,7.27E-05,0.064293203,45,57.13703726,0.786554552,2,"(1, 3)",TRUE,0.965142612
418,2.19E-05,0.109401503,45,50.73865004,0.829291729,2,"(1, 3)",TRUE,0.96499379
419,5.14E-05,0.036378947,45,55.65163526,0.815460754,2,"(1, 3)",TRUE,0.966263905
420,3.61E-05,0.001352564,45,54.43584099,0.836300373,2,"(1, 3)",TRUE,0.966915438
421,5.35E-06,0.071719694,45,51.77342642,0.833242744,2,"(1, 3)",TRUE,0.96383237
422,1.08E-05,0.17939247,45,50.30894197,0.805954697,2,"(1, 3)",TRUE,0.963470053
423,8.22E-06,0.020450386,45,52.79308995,0.793624424,2,"(1, 3)",TRUE,0.964382422
424,3.38E-05,0.14061488,45,54.42291264,0.819234793,2,"(1, 3)",TRUE,0.965001768
425,1.28E-05,0.050927153,45,50.01034752,0.824313214,2,"(1, 3)",TRUE,0.96514121
426,2.63E-05,0.001404463,45,51.45704716,0.838438133,2,"(1, 3)",TRUE,0.966585421
427,2.87E-05,0.109769594,45,54.10250654,0.837358414,2,"(1, 3)",TRUE,0.96544946
428,3.97E-06,0.000167049,45,50.88665694,0.843545053,2,"(1, 3)",TRUE,0.963454136
429,3.96E-05,0.071056409,45,51.45876111,0.851218424,2,"(1, 3)",TRUE,0.966033278
430,2.53E-05,0.031804549,45,57.22796773,0.839166487,1,"(1, 1)",TRUE,0.957735839
431,1.00E-05,0.088922265,45,53.32636001,0.856977929,2,"(1, 2)",TRUE,0.96374165
432,5.22E-05,0.000966281,45,55.37910213,0.830508701,2,"(1, 3)",TRUE,0.966912447
433,7.77E-05,0.161720824,45,56.3628974,0.846037934,2,"(1, 3)",TRUE,0.962840568
434,8.96E-05,0.130479642,45,59.34954807,0.829389318,2,"(1, 3)",TRUE,0.96324321
435,4.93E-05,0.045388234,20,55.0356507,0.815013585,3,"(1, 3)",TRUE,0.96567992
436,9.98E-05,0.196971114,55,61.19343443,0.851272586,2,"(1, 3)",TRUE,0.961641811
437,5.63E-05,0.000726339,75,57.84049112,0.869646253,2,"(1, 3)",TRUE,0.966662022
438,5.87E-05,0.01787125,75,58.03216913,0.83396693,2,"(1, 1)",FALSE,0.959865028
439,6.54E-05,0.085363589,75,60.95039145,0.863926378,1,"(1, 3)",TRUE,0.961163908
440,3.90E-05,0.11808434,75,60.03972317,0.85689651,2,"(1, 2)",TRUE,0.964624862
441,9.80E-05,0.055462935,75,58.50073378,0.823447744,2,"(1, 3)",TRUE,0.964411869
442,5.19E-05,0.144220388,75,56.73201959,0.827996161,2,"(1, 3)",TRUE,0.96457682
443,7.75E-05,0.101725877,75,55.59590586,0.84532867,2,"(1, 3)",TRUE,0.964291421
444,1.95E-05,0.174694667,75,59.46461864,0.849917951,3,"(1, 3)",TRUE,0.962572497
445,4.08E-05,0.000772988,75,63.91398644,0.810302934,2,"(1, 3)",TRUE,0.966422493
446,1.49E-05,0.060326372,75,57.4624747,0.870644369,2,"(1, 3)",FALSE,0.964903846
447,8.23E-05,0.029929335,75,62.04369823,0.83283254,1,"(1, 1)",TRUE,0.960555607
448,3.51E-05,0.000455142,75,53.28758356,0.796521868,2,"(1, 3)",TRUE,0.966817614
449,6.13E-05,0.076001524,75,56.05684289,0.776250509,2,"(1, 2)",TRUE,0.965406337
450,3.25E-05,0.021757689,75,58.57601624,0.791598856,2,"(1, 3)",TRUE,0.966529336
451,9.90E-05,0.225020638,75,60.08519531,0.797173467,2,"(1, 3)",TRUE,0.961153121
452,2.18E-05,0.043662612,75,63.16950836,0.783710965,2,"(1, 3)",TRUE,0.965782395
453,9.90E-05,0.093526224,75,53.50243933,0.804248696,3,"(1, 3)",TRUE,0.964045356
454,4.89E-05,0.153652203,75,61.43418243,0.800722166,2,"(1, 3)",FALSE,0.963657482
455,1.54E-05,0.00032939,75,54.59795281,0.769361173,2,"(1, 3)",TRUE,0.965705718
456,6.63E-06,0.402979924,75,56.88512281,0.817936876,2,"(1, 3)",TRUE,0.960342893
457,1.16E-05,0.126820443,75,52.58968295,0.791686998,1,"(1, 1)",TRUE,0.954068197
458,2.68E-07,0.070588201,75,55.71327609,0.809141971,2,"(1, 2)",TRUE,0.954295835
459,3.41E-05,0.000201642,75,57.93213919,0.823074868,2,"(1, 3)",TRUE,0.966370553
460,1.02E-09,0.189292265,75,53.883342,0.778667559,2,"(1, 3)",TRUE,0.954446056
461,5.97E-05,0.037519581,75,60.84497407,0.815008981,2,"(1, 3)",TRUE,0.965817658
462,2.30E-05,0.109817721,30,59.23863237,0.785827772,3,"(1, 3)",FALSE,0.962830418
463,2.98E-08,0.061718513,70,62.14008632,0.797229295,2,"(1, 3)",TRUE,0.953671002
464,8.93E-06,0.017947855,35,57.14680052,0.763737433,2,"(1, 3)",TRUE,0.96511112
465,6.16E-09,0.557666663,75,50.02913317,0.770637731,2,"(1, 3)",TRUE,0.953285002
466,7.58E-05,0.209652219,50,55.08690885,0.82590016,1,"(1, 2)",TRUE,0.961019939
467,4.69E-05,0.084679088,45,52.60184047,0.841104477,2,"(1, 1)",TRUE,0.958650451
468,2.05E-05,0.159389768,25,58.17045335,0.788365132,2,"(1, 3)",TRUE,0.964698467
469,3.09E-05,0.049377754,30,56.38290645,0.807546106,2,"(1, 3)",TRUE,0.965616863
470,4.90E-06,0.127692591,45,65.22785142,0.818142335,2,"(1, 3)",FALSE,0.962483414
471,1.71E-05,0.428744914,35,54.12138527,0.775690038,3,"(1, 3)",TRUE,0.960738042
472,6.84E-05,0.905548376,75,63.41107205,0.833743123,2,"(1, 3)",TRUE,0.953769953
473,1.30E-05,0.020787341,55,59.46135907,0.800190577,2,"(1, 3)",TRUE,0.965499983
474,3.65E-05,0.103807093,45,51.76249889,0.822860821,2,"(1, 3)",TRUE,0.965257634
475,7.99E-05,0.035554001,30,60.61819242,0.810602098,1,"(1, 1)",TRUE,0.961259028
476,4.96E-05,0.000404593,75,52.95858737,0.783224754,2,"(1, 2)",TRUE,0.966493498
477,3.52E-06,0.143581325,70,55.39032992,0.844004572,2,"(1, 3)",TRUE,0.96270857
478,8.11E-06,0.336334529,35,67.83035584,0.82890086,2,"(1, 3)",FALSE,0.960458802
479,9.70E-05,0.059096606,50,51.03087521,0.81355918,2,"(1, 3)",TRUE,0.964206632
480,2.60E-05,0.180209364,45,50.05236006,0.793490258,3,"(1, 3)",TRUE,0.96360003
481,9.94E-05,0.238058421,75,57.79695374,0.834997905,2,"(1, 3)",TRUE,0.960453729
482,5.96E-05,0.53355564,25,62.26305366,0.852791679,2,"(1, 3)",TRUE,0.958816664
483,1.14E-06,0.082842382,30,64.33330694,0.804303559,2,"(1, 3)",TRUE,0.957367293
484,4.22E-05,0.272072785,45,56.41414044,0.842587293,1,"(1, 1)",TRUE,0.958060245
485,1.78E-05,0.017874971,35,54.38006754,0.860902108,2,"(1, 2)",TRUE,0.965045371
486,2.52E-06,0.306737951,75,59.15540799,0.818572571,2,"(1, 3)",FALSE,0.960201386
487,3.14E-05,0.111871322,55,53.37267527,0.760050903,2,"(1, 3)",TRUE,0.965105039
488,7.83E-07,0.378167903,45,66.54912038,0.848997936,2,"(1, 3)",TRUE,0.952235169
489,1.20E-05,0.506748168,30,52.15249705,0.772430333,3,"(1, 3)",TRUE,0.958711475
490,9.97E-05,0.000120713,75,60.00214554,0.789152077,2,"(1, 3)",TRUE,0.966084109
491,6.35E-06,0.04258141,35,58.42819052,0.83811235,2,"(1, 3)",TRUE,0.96462367
492,6.06E-07,0.643225545,70,55.81747811,0.825481139,2,"(1, 3)",TRUE,0.952377786
493,2.30E-05,0.090339676,45,57.33208328,0.868622357,1,"(1, 1)",TRUE,0.957388187
494,6.63E-05,0.059209135,50,54.89491529,0.752653923,2,"(1, 2)",FALSE,0.964737707
495,1.79E-06,0.142289585,75,75.84528672,0.799489756,2,"(1, 3)",TRUE,0.962980974
496,1.38E-08,0.95239817,25,50.00022774,0.778781253,2,"(1, 3)",TRUE,0.952770632
497,4.47E-05,0.017363103,30,61.58129142,0.812964646,2,"(1, 3)",TRUE,0.966575792
498,1.64E-05,0.196461232,45,53.85330601,0.828913897,3,"(1, 3)",TRUE,0.962513951
499,3.34E-05,0.125548614,35,68.76551435,0.807718419,2,"(1, 3)",TRUE,0.964511661
500,5.62E-05,0.166776247,75,62.86465751,0.819755508,2,"(1, 3)",TRUE,0.963522849
501,1.04E-05,0.825345678,55,51.76160608,0.859220507,2,"(1, 3)",TRUE,0.954273282
502,7.93E-06,0.620689147,45,56.71755927,0.856130341,1,"(1, 1)",FALSE,0.944758979
503,8.30E-05,0.031941579,30,60.52607023,0.765817543,2,"(1, 2)",TRUE,0.965401207
504,2.37E-05,0.069101105,75,52.78300542,0.838405088,2,"(1, 3)",TRUE,0.965685464
505,1.35E-05,0.102657104,70,51.01815919,0.797946362,2,"(1, 3)",TRUE,0.964968917
506,3.62E-05,0.000237015,35,81.17477926,0.847652646,2,"(1, 3)",TRUE,0.966228108
507,3.17E-06,0.051350818,45,58.5468638,0.876362265,3,"(1, 3)",TRUE,0.960922297
508,5.15E-06,0.219738195,75,55.66509902,0.80419478,2,"(1, 3)",TRUE,0.963041235
509,4.62E-05,0.082160615,50,53.8328008,0.785505411,2,"(1, 3)",TRUE,0.9657701
510,2.67E-05,0.034102553,30,57.36943169,0.863742127,2,"(1, 3)",FALSE,0.965353806
511,1.00E-04,0.123997172,25,65.57392841,0.794378327,1,"(1, 1)",TRUE,0.96012807
512,6.82E-05,0.250150091,45,54.64079824,0.829297245,2,"(1, 2)",TRUE,0.962292609
513,4.32E-07,0.021383146,35,64.09505818,0.851606736,2,"(1, 3)",TRUE,0.953211733
514,1.54E-05,0.776560272,75,59.90807655,0.83441399,2,"(1, 3)",TRUE,0.957894599
515,2.05E-05,0.001424863,55,50.00293227,0.773531137,2,"(1, 3)",TRUE,0.96666831
516,7.29E-06,0.152319074,55,52.80008228,0.757432377,3,"(1, 3)",TRUE,0.961076415
517,4.17E-06,0.072431173,55,50.37313048,0.748894824,2,"(1, 3)",TRUE,0.962896777
518,9.19E-06,0.098542007,55,50.96427004,0.766637534,2,"(1, 3)",TRUE,0.964605626
519,2.20E-05,0.053274147,55,52.17939914,0.780760931,2,"(1, 3)",FALSE,0.965132635
520,1.84E-05,0.169027425,55,51.33841952,0.744560426,2,"(1, 3)",TRUE,0.964324872
521,1.13E-05,0.036575929,55,56.29112402,0.773039532,1,"(1, 1)",TRUE,0.954128128
522,6.69E-06,0.000329459,55,79.05849919,0.788139381,2,"(1, 2)",TRUE,0.964064134
523,1.48E-06,0.111792552,55,61.0996447,0.753227516,2,"(1, 3)",TRUE,0.962507367
524,5.38E-06,0.077282757,55,54.78137064,0.76152997,2,"(1, 3)",TRUE,0.963533865
525,3.04E-05,0.135336163,55,58.68733964,0.7358755,3,"(1, 3)",TRUE,0.963951617
526,1.53E-05,0.000929998,55,50.15633659,0.771780618,2,"(1, 3)",TRUE,0.966163715
527,4.06E-05,0.592042705,45,53.4692572,0.777879084,2,"(1, 3)",TRUE,0.960233444
528,2.11E-06,0.180788211,55,50.01225701,0.792189957,2,"(1, 3)",FALSE,0.961490861
529,1.00E-05,0.208812574,55,55.910566,0.783885871,2,"(1, 3)",TRUE,0.962944036
530,3.02E-06,0.016226242,55,82.44773068,0.759731666,1,"(1, 1)",TRUE,0.947912518
531,3.53E-08,0.052362267,30,51.80040867,0.768226042,2,"(1, 2)",TRUE,0.953361831
532,5.12E-05,0.092633353,75,62.74976442,0.804732475,2,"(1, 3)",TRUE,0.965363395
533,2.07E-05,0.001267105,70,57.56277514,0.811514234,2,"(1, 3)",TRUE,0.966373795
534,2.79E-05,0.038096278,55,61.72641382,0.751286131,3,"(1, 3)",TRUE,0.96493325
535,1.39E-05,0.000337446,45,70.21030198,0.740539798,2,"(1, 3)",TRUE,0.965625335
536,3.85E-05,0.442927944,50,54.98141806,0.779880199,2,"(1, 3)",FALSE,0.960652243
537,5.45E-05,0.070626512,75,56.75432843,0.774673558,2,"(1, 3)",TRUE,0.965340474
538,8.16E-05,0.286382009,30,59.62868431,0.791353263,2,"(1, 3)",TRUE,0.960801727
539,1.97E-05,0.11492395,25,53.98220181,0.800284785,1,"(1, 1)",TRUE,0.955672542
540,8.72E-06,0.144356691,45,52.4879404,0.817890093,2,"(1, 2)",TRUE,0.963381073
541,4.56E-06,0.32304142,75,66.66086127,0.823229456,2,"(1, 3)",TRUE,0.961107219
542,3.15E-05,0.024560453,55,71.37565465,0.764214668,2,"(1, 3)",TRUE,0.965964986
543,9.96E-05,0.061020848,45,50.02571277,0.795655092,3,"(1, 3)",FALSE,0.963869765
544,1.15E-05,0.163865164,30,64.72947645,0.729325667,2,"(1, 3)",TRUE,0.963183928
545,5.44E-05,0.193186947,75,58.14674801,0.78690295,2,"(1, 3)",TRUE,0.963989058
546,3.51E-09,0.083721939,70,53.32178868,0.803259151,2,"(1, 3)",TRUE,0.953073473
547,2.53E-05,0.358097165,45,51.42748849,0.76685294,2,"(1, 3)",TRUE,0.962197953
548,6.57E-05,0.101929686,55,55.55294693,0.813779545,1,"(1, 1)",TRUE,0.960109982
549,6.29E-06,0.038811396,50,77.81644508,0.782679994,2,"(1, 2)",TRUE,0.96380964
550,3.77E-05,9.74E-05,75,60.62874128,0.756181722,2,"(1, 3)",TRUE,0.966663528
551,1.36E-05,0.223989735,30,63.3518571,0.734541014,2,"(1, 3)",FALSE,0.962304504
552,1.87E-05,0.119201885,25,72.81117446,0.747131538,2,"(1, 3)",TRUE,0.964216477
553,7.77E-06,0.267218247,45,60.95988469,0.75797673,3,"(1, 3)",TRUE,0.960579789
554,3.69E-05,0.054673728,75,54.33805998,0.746922985,2,"(1, 3)",TRUE,0.966172638
555,2.66E-06,0.020229497,55,68.10232809,0.738481073,2,"(1, 3)",TRUE,0.9642249
556,1.00E-05,0.141365882,45,50.03577928,0.755949385,2,"(1, 3)",TRUE,0.964194328
557,1.55E-07,0.075971543,30,56.67522034,0.723532,1,"(1, 1)",TRUE,0.942427212
558,1.60E-05,0.094791776,75,59.10861878,0.776666612,2,"(1, 2)",TRUE,0.964184152
559,2.68E-05,0.683305145,70,62.05336117,0.731114876,2,"(1, 3)",FALSE,0.958215104
560,4.15E-05,0.018996096,45,74.70726994,0.769737824,2,"(1, 3)",TRUE,0.966243582
561,3.20E-07,0.041915938,50,69.60326843,0.759187708,2,"(1, 3)",TRUE,0.953802317
562,3.60E-06,0.234092314,75,86.55273946,0.772651044,3,"(1, 3)",TRUE,0.960583087
563,2.06E-05,0.130536943,55,65.74179884,0.743117081,2,"(1, 3)",TRUE,0.964694205
564,8.66E-07,0.000211979,30,52.44808912,0.764395083,2,"(1, 3)",TRUE,0.95603894
565,1.23E-05,0.000176769,45,79.91242467,0.795462357,2,"(1, 3)",TRUE,0.965386382
566,7.94E-05,0.174121355,25,51.20113674,0.717597278,1,"(1, 1)",TRUE,0.959016506
567,5.52E-06,0.061788204,75,60.21312437,0.751657349,2,"(1, 2)",FALSE,0.96281025
568,3.18E-05,0.15610813,55,55.5021796,0.786621756,2,"(1, 3)",TRUE,0.964529048
569,4.42E-05,0.861450333,45,58.94831618,0.736303474,2,"(1, 3)",TRUE,0.956702578
570,4.55E-06,0.470819517,30,67.23151331,0.776602049,2,"(1, 3)",TRUE,0.957634836
571,2.40E-05,0.196782097,75,53.51144981,0.7261853,3,"(1, 3)",TRUE,0.963675335
572,2.08E-06,0.029235924,45,57.1682832,0.808664616,2,"(1, 3)",TRUE,0.963161051
573,7.12E-06,0.098758437,70,54.36644589,0.790538366,2,"(1, 3)",TRUE,0.964040536
574,1.40E-05,0.073955988,50,50.84150997,0.751718966,2,"(1, 3)",TRUE,0.96483189
575,1.93E-09,0.124658271,75,64.37405424,0.743731136,1,"(1, 3)",FALSE,0.955140267
576,1.76E-05,0.050946147,55,52.13090338,0.711484492,2,"(1, 1)",TRUE,0.954470711
577,9.91E-05,0.014658944,30,55.97058882,0.78203662,2,"(1, 2)",TRUE,0.965761481
578,6.43E-05,0.016105614,75,57.7814723,0.760726525,2,"(1, 3)",TRUE,0.966173948
579,7.97E-05,0.040929165,75,60.18947624,0.796720032,2,"(1, 3)",TRUE,0.965354146
580,5.16E-05,0.004971861,75,58.18666158,0.769402901,2,"(1, 3)",TRUE,0.966841687
581,3.54E-05,0.001635089,75,58.64816145,0.769263809,2,"(1, 3)",TRUE,0.966985832
582,4.83E-05,0.00117256,75,58.81001495,0.772656582,2,"(1, 3)",TRUE,0.967179837
583,5.42E-05,0.035721939,75,62.01294895,0.767813884,2,"(1, 3)",TRUE,0.966349371
584,4.76E-05,0.062157752,75,62.93559326,0.782086515,2,"(1, 3)",TRUE,0.965914246
585,2.88E-05,0.026145913,75,59.37915655,0.762895854,2,"(1, 3)",TRUE,0.966325723
586,7.10E-05,0.056950794,75,63.52579728,0.787476803,2,"(1, 3)",TRUE,0.965183722
587,3.57E-05,0.084515337,75,61.27499413,0.77321568,2,"(1, 3)",TRUE,0.965645977
588,4.58E-05,0.001031172,75,57.55240322,0.801817943,2,"(1, 3)",TRUE,0.967174258
589,6.27E-05,0.00111735,75,58.50257213,0.800181036,2,"(1, 3)",TRUE,0.966693902
590,9.96E-05,0.032239047,75,65.0505185,0.805059491,2,"(1, 3)",TRUE,0.965190464
591,2.85E-05,0.072859882,75,59.6035624,0.791806946,2,"(1, 3)",TRUE,0.965587898
592,4.32E-05,0.107170359,75,60.74283257,0.812370402,2,"(1, 3)",TRUE,0.965395778
593,2.42E-05,0.001494359,75,58.57883226,0.820798409,2,"(1, 3)",TRUE,0.965932697
594,8.04E-05,0.048495,75,62.26790726,0.796526197,2,"(1, 3)",TRUE,0.965281989
595,9.88E-05,0.08328507,75,57.39772515,0.803493731,2,"(1, 3)",TRUE,0.963709801
596,3.23E-05,0.018765406,75,63.18820092,0.778320081,2,"(1, 3)",TRUE,0.966369491
597,4.76E-05,0.000140403,75,61.42708833,0.815015504,2,"(1, 3)",TRUE,0.966748677
598,6.36E-05,0.037146857,75,64.21914899,0.790316765,2,"(1, 3)",TRUE,0.965786498
599,3.39E-05,0.10480993,75,56.35772055,0.807736621,2,"(1, 3)",TRUE,0.965443234
600,1.79E-05,0.062463976,75,59.54924167,0.765939785,2,"(1, 3)",TRUE,0.965467172
601,2.03E-08,0.016960901,75,58.42210501,0.751760557,2,"(1, 3)",TRUE,0.95406596
602,8.08E-05,0.093932553,75,55.09707055,0.827222058,2,"(1, 3)",TRUE,0.96463471
603,5.45E-05,0.00139677,75,57.15216906,0.783280464,2,"(1, 3)",TRUE,0.966689261
604,4.00E-05,0.049355018,75,61.90097182,0.820396368,2,"(1, 3)",TRUE,0.966049529
605,2.30E-05,0.128147816,75,60.02179384,0.800448954,2,"(1, 3)",TRUE,0.964855805
606,1.47E-05,0.02261112,75,65.38337785,0.778259305,2,"(1, 3)",TRUE,0.965660847
607,9.97E-05,0.073269678,75,57.77430914,0.807586728,2,"(1, 3)",TRUE,0.96406211
608,2.87E-05,0.036934989,75,56.09638371,0.795796847,2,"(1, 3)",TRUE,0.96615888
609,4.53E-05,0.001307602,75,58.99152477,0.771081708,2,"(1, 3)",TRUE,0.966440366
610,1.09E-05,0.110757399,75,60.8654036,0.746651793,2,"(1, 3)",TRUE,0.964596174
611,5.80E-05,0.149446511,75,63.80514899,0.758863043,2,"(1, 3)",TRUE,0.964070888
612,2.21E-05,0.08442931,75,55.15382038,0.831426002,2,"(1, 3)",TRUE,0.965871
613,3.52E-05,0.052820733,75,56.78298281,0.813767353,3,"(1, 3)",TRUE,0.965162972
614,7.84E-05,0.015748252,75,62.80465278,0.787624952,2,"(1, 3)",TRUE,0.96605916
615,9.91E-05,0.068544127,75,54.2352091,0.76965563,2,"(1, 3)",TRUE,0.964103961
616,6.65E-05,0.000624839,75,58.05298947,0.824563014,2,"(1, 3)",TRUE,0.966525982
617,1.73E-05,0.035930853,75,55.98583152,0.741149395,2,"(1, 3)",TRUE,0.966111965
618,2.71E-05,0.118748169,75,60.41073337,0.763474437,1,"(1, 1)",TRUE,0.957992352
619,4.68E-05,0.00029093,75,58.88053286,0.777851977,2,"(1, 2)",TRUE,0.966665584
620,1.29E-05,0.089529892,75,66.34986833,0.799514367,2,"(1, 3)",TRUE,0.964130939
621,1.97E-05,0.13495739,75,68.586195,0.755544994,2,"(1, 3)",FALSE,0.963821496
622,3.76E-05,0.056731205,75,53.41569261,0.793138731,2,"(1, 3)",TRUE,0.965961478
623,9.03E-06,0.02296641,75,67.43180523,0.8172959,3,"(1, 3)",TRUE,0.962877348
624,9.94E-05,0.166141045,75,62.32883841,0.807476433,2,"(1, 3)",TRUE,0.961868698
625,6.92E-05,0.000524312,75,55.04962437,0.733849573,2,"(1, 3)",TRUE,0.966802674
626,5.53E-05,0.10791657,25,57.36566463,0.780637596,2,"(1, 3)",TRUE,0.964813109
627,2.60E-05,0.038830102,45,61.44553044,0.789953066,2,"(1, 3)",TRUE,0.96595269
628,3.38E-05,0.074086482,75,59.52731107,0.837171036,1,"(1, 2)",TRUE,0.965127652
629,1.59E-05,0.020807278,75,56.29243809,0.749511162,2,"(1, 1)",TRUE,0.952596538
630,4.56E-05,0.15256192,45,63.96834382,0.773047224,2,"(1, 3)",FALSE,0.96400876
631,1.08E-05,0.095960315,75,54.90360627,0.785136662,2,"(1, 3)",TRUE,0.964081007
632,2.04E-05,0.056298633,75,53.5222002,0.82215513,2,"(1, 3)",TRUE,0.965783468
633,7.99E-05,0.179618392,70,57.58131564,0.830327068,2,"(1, 3)",TRUE,0.962260566
634,5.76E-05,0.000818666,45,59.94465015,0.81222128,3,"(1, 3)",TRUE,0.965604292
635,3.02E-05,0.124997858,75,65.71165087,0.761969443,2,"(1, 3)",TRUE,0.964606787
636,8.21E-06,0.729261944,25,60.9227046,0.803360426,2,"(1, 3)",TRUE,0.95325749
637,4.01E-05,0.044276749,75,58.572463,0.797760257,2,"(1, 3)",TRUE,0.966496034
638,1.26E-05,0.080241575,50,54.29767409,0.776363853,1,"(1, 1)",TRUE,0.954383565
639,7.48E-08,0.413209777,45,64.80637741,0.789542321,2,"(1, 2)",FALSE,0.952874488
640,2.15E-05,0.704526308,75,56.64494611,0.739542569,2,"(1, 3)",TRUE,0.958639678
641,7.96E-05,0.023463258,75,52.66557437,0.755195381,2,"(1, 3)",TRUE,0.966080077
642,5.00E-05,0.058758213,45,55.50457553,0.841571811,2,"(1, 3)",TRUE,0.965588022
643,9.95E-05,0.093395861,75,62.90640287,0.817444108,3,"(1, 3)",TRUE,0.964047736
644,1.51E-05,0.017608933,70,58.11804001,0.765607816,2,"(1, 3)",TRUE,0.965611759
645,2.66E-05,0.147744801,75,59.52372043,0.80922645,2,"(1, 3)",TRUE,0.965037505
646,6.48E-05,0.574308047,45,53.42905279,0.767260235,2,"(1, 3)",TRUE,0.958193521
647,4.01E-05,0.206710438,50,56.77045613,0.783621677,2,"(1, 3)",TRUE,0.964094788
648,3.12E-05,0.042195264,75,54.32506989,0.824873755,1,"(1, 1)",FALSE,0.958120141
649,9.47E-06,0.120485125,25,61.73059922,0.832423028,2,"(1, 2)",TRUE,0.96298129
650,5.91E-06,0.065452643,75,52.41027321,0.802676606,2,"(1, 3)",TRUE,0.964023893
651,9.93E-05,0.547991309,45,55.93185956,0.729043712,2,"(1, 3)",TRUE,0.955578746
652,6.99E-05,0.0200987,40,60.22358324,0.743927224,2,"(1, 3)",TRUE,0.965974431
653,1.69E-05,0.001735205,75,57.79222646,0.795162685,3,"(1, 3)",TRUE,0.964366525
654,2.39E-05,0.105195908,75,62.7607987,0.775051434,2,"(1, 3)",TRUE,0.965437323
655,5.03E-05,0.073408572,60,55.54405416,0.815282896,2,"(1, 3)",TRUE,0.965638645
656,3.84E-05,0.755392565,65,58.61171941,0.721422007,2,"(1, 3)",TRUE,0.957879385
657,1.25E-05,0.139167702,45,66.36208276,0.842730691,2,"(1, 3)",FALSE,0.96344474
658,7.24E-06,0.038580037,75,51.78808898,0.7518857,1,"(1, 1)",TRUE,0.950344474
659,1.93E-05,0.17927152,70,63.55701356,0.78681843,2,"(1, 2)",TRUE,0.962994924
660,9.86E-09,0.085247084,20,60.67563954,0.769066091,2,"(1, 3)",TRUE,0.954283381
661,3.06E-05,0.016509564,75,84.15934536,0.809788058,2,"(1, 3)",TRUE,0.965678338
662,7.84E-05,0.923667624,45,54.4410954,0.759261107,2,"(1, 3)",TRUE,0.952561033
663,6.11E-05,0.050696359,50,56.81037656,0.800133712,3,"(1, 3)",TRUE,0.965569046
664,1.12E-07,0.497386514,75,61.55261813,0.822075087,2,"(1, 3)",TRUE,0.954313537
665,9.86E-05,0.000780301,25,64.65988857,0.836457185,2,"(1, 3)",TRUE,0.965907592
666,2.38E-05,0.111748361,75,53.24000976,0.783305761,2,"(1, 3)",FALSE,0.964668687
667,4.83E-05,0.065313026,45,58.66938356,0.794479927,2,"(1, 3)",TRUE,0.965574175
668,1.63E-05,0.027791011,40,57.44371963,0.826703751,1,"(1, 1)",TRUE,0.955404573
669,5.67E-05,0.000294012,65,55.14757954,0.747070781,2,"(1, 2)",TRUE,0.966345409
670,9.06E-06,0.998947087,75,71.87785741,0.735042209,2,"(1, 3)",TRUE,0.943865716
671,3.71E-05,0.606082432,75,67.43884024,0.778534224,2,"(1, 3)",TRUE,0.959204655
672,1.20E-05,0.162447697,45,59.80977839,0.804150364,2,"(1, 3)",TRUE,0.964232691
673,8.33E-05,0.384728762,60,52.00287172,0.81257924,3,"(1, 3)",TRUE,0.959727218
674,2.24E-05,0.093635191,75,62.19198841,0.79109383,2,"(1, 3)",TRUE,0.9648771
675,3.14E-05,0.133457289,70,69.71183502,0.847533933,2,"(1, 3)",FALSE,0.963247592
676,4.35E-06,0.661652957,20,51.09817583,0.774099088,2,"(1, 3)",TRUE,0.953099469
677,4.69E-05,0.241849844,75,56.06922782,0.75596087,2,"(1, 3)",TRUE,0.962995968
678,1.43E-05,0.039357658,45,59.03275778,0.764018914,1,"(1, 1)",TRUE,0.954687874
679,6.09E-05,0.000536044,75,53.73779889,0.835664982,2,"(1, 2)",TRUE,0.966528273
680,9.91E-05,0.071810597,50,57.11656183,0.817969246,2,"(1, 3)",TRUE,0.96390715
681,2.73E-05,0.027686122,25,54.50873261,0.830228102,2,"(1, 3)",TRUE,0.966103833
682,3.76E-05,0.295440998,75,60.9808128,0.770230692,2,"(1, 3)",TRUE,0.962893148
683,1.81E-05,0.212645384,45,63.63574178,0.796964592,3,"(1, 3)",TRUE,0.962556417
684,8.00E-05,0.110098359,40,52.84084139,0.806526845,2,"(1, 3)",FALSE,0.96364866
685,2.63E-09,0.001137025,65,58.09195317,0.791633373,2,"(1, 3)",TRUE,0.953291914
686,5.83E-06,0.056445771,75,55.92826679,0.782788314,2,"(1, 3)",TRUE,0.964116806
687,4.37E-05,0.092238933,75,59.30510837,0.841353406,2,"(1, 3)",TRUE,0.965168648
688,1.08E-05,0.159686926,60,55.32572614,0.749519725,1,"(1, 1)",TRUE,0.95273276
689,6.92E-05,0.1864394,45,51.2045847,0.739126744,2,"(1, 2)",TRUE,0.963021321
690,4.74E-08,0.134894154,75,96.63471135,0.819748639,2,"(1, 3)",TRUE,0.954741872
691,2.44E-05,0.03441329,70,60.25505806,0.801229904,2,"(1, 3)",TRUE,0.965520063
692,7.33E-06,0.078261269,20,68.69741962,0.780916826,2,"(1, 3)",TRUE,0.96418022
693,3.34E-05,0.02057349,75,64.94690118,0.714969635,3,"(1, 3)",FALSE,0.964498537
694,1.42E-05,0.059349141,45,56.7607183,0.764134122,2,"(1, 3)",TRUE,0.965237524
695,3.28E-06,0.116851444,50,53.09347885,0.773387548,2,"(1, 3)",TRUE,0.96239827
696,4.97E-05,0.018284299,75,70.86016427,0.827638296,2,"(1, 3)",TRUE,0.966346501
697,1.88E-05,0.043628992,75,88.4057179,0.813293324,2,"(1, 3)",TRUE,0.965889406
698,9.78E-06,0.080944922,25,62.50570604,0.730815318,1,"(1, 1)",TRUE,0.952298824
699,5.99E-05,0.141077722,45,50.03241175,0.855053305,2,"(1, 2)",TRUE,0.964587231
700,5.29E-07,0.000996124,40,61.12105748,0.78624938,2,"(1, 3)",TRUE,0.955452985
701,2.46E-05,0.000809277,65,54.26285475,0.754592005,2,"(1, 3)",TRUE,0.966641097
702,2.27E-07,0.196933501,75,57.56335593,0.809256512,2,"(1, 3)",FALSE,0.952792268
703,7.57E-05,0.096296627,60,90.23231708,0.846468311,3,"(1, 3)",TRUE,0.964639352
704,3.51E-05,0.80223818,75,52.5536873,0.798415057,2,"(1, 3)",TRUE,0.957434462
705,9.19E-05,0.047390584,45,66.77083791,0.759936919,2,"(1, 3)",TRUE,0.965005865
706,4.20E-05,0.261250122,75,76.33426247,0.822093657,2,"(1, 3)",TRUE,0.962820225
707,1.58E-05,0.452117621,70,59.14730126,0.790345159,2,"(1, 3)",TRUE,0.961106309
708,5.42E-05,0.522363637,75,55.51935347,0.745905918,1,"(1, 1)",TRUE,0.955939788
709,2.03E-05,0.000103672,20,73.46773266,0.834123918,2,"(1, 2)",TRUE,0.965227346
710,3.03E-05,0.340528518,45,65.66292328,0.778083242,2,"(1, 3)",TRUE,0.962274741
711,9.86E-05,0.118788856,75,51.70551643,0.766381674,2,"(1, 3)",FALSE,0.962513007
712,1.38E-06,0.026395738,50,57.9393552,0.721559124,2,"(1, 3)",TRUE,0.962799535
713,6.73E-05,0.063488884,75,53.83545895,0.703085387,3,"(1, 3)",TRUE,0.964956173
714,8.48E-06,0.174591204,25,61.99218035,0.80552685,2,"(1, 3)",TRUE,0.962594292
715,1.24E-05,0.83679865,45,56.41282973,0.816698268,2,"(1, 3)",TRUE,0.953636545
716,5.13E-06,0.101272041,75,64.15872995,0.795167874,2,"(1, 3)",TRUE,0.964064765
717,2.65E-05,0.044706349,65,60.11542893,0.770574645,2,"(1, 3)",TRUE,0.965516874
718,4.48E-05,0.14760561,40,50.9406987,0.787608688,1,"(1, 1)",TRUE,0.958915442
719,9.81E-05,0.01916575,60,54.76501357,0.740334166,2,"(1, 2)",TRUE,0.965508244
720,2.09E-05,0.06009497,75,53.09478786,0.825460374,2,"(1, 3)",TRUE,0.966111857
721,7.96E-05,0.001351169,45,57.99242327,0.841069795,2,"(1, 3)",FALSE,0.96587563
722,3.50E-05,0.081537185,75,50.05069971,0.851027142,2,"(1, 3)",TRUE,0.965450821
723,5.79E-05,0.000978208,75,56.54304588,0.803210356,2,"(1, 3)",TRUE,0.966710085
724,1.56E-05,0.121574433,20,59.1124631,0.779898315,3,"(1, 3)",TRUE,0.962925815
725,1.09E-05,0.220277977,45,61.28260244,0.726544457,2,"(1, 3)",TRUE,0.963441144
726,1.02E-06,0.042761348,50,63.45715748,0.759864461,2,"(1, 3)",TRUE,0.960948681
727,6.37E-06,0.074774023,70,51.79336862,0.8116434,2,"(1, 3)",TRUE,0.96410221
728,3.58E-06,0.159355498,75,54.6369446,0.753086216,1,"(1, 1)",TRUE,0.948338154
729,2.86E-05,0.629850815,75,62.45960308,0.774534891,2,"(1, 2)",FALSE,0.959396196
730,4.20E-05,0.024820973,25,85.62470168,0.794270832,2,"(1, 3)",TRUE,0.965829295
731,6.42E-05,0.098188085,45,55.60378514,0.832578684,2,"(1, 3)",TRUE,0.964778782
732,2.08E-05,0.130552742,65,60.35702843,0.787314524,2,"(1, 3)",TRUE,0.964603034
733,5.59E-09,0.0352014,40,57.11804947,0.821545491,2,"(1, 3)",TRUE,0.952764665
734,8.02E-06,0.961710122,75,58.58738843,0.734273187,3,"(1, 3)",TRUE,0.944616945
735,8.27E-05,0.063882869,75,53.34161722,0.770424744,2,"(1, 3)",TRUE,0.965167107
736,9.91E-05,0.000271164,60,68.14418116,0.800741034,2,"(1, 3)",TRUE,0.966016827
737,5.27E-05,0.018870731,45,52.22699649,0.808403034,2,"(1, 3)",TRUE,0.966367126
738,2.60E-06,0.184682602,75,50.7664516,0.747824129,1,"(1, 2)",FALSE,0.964250067
739,3.12E-05,0.080518043,70,53.85519199,0.845012537,2,"(1, 1)",TRUE,0.957285821
740,1.71E-05,0.106538638,75,59.85618318,0.781169612,2,"(1, 3)",TRUE,0.965084323
741,1.38E-05,0.000391289,20,65.93798056,0.816222507,2,"(1, 3)",TRUE,0.96531385
742,3.94E-05,0.317470089,45,55.34354585,0.827671121,2,"(1, 3)",TRUE,0.96258425
743,2.49E-05,0.050233101,50,56.90729337,0.761500838,2,"(1, 3)",TRUE,0.966091384
744,5.19E-05,0.15518409,75,61.65964209,0.792037991,3,"(1, 3)",TRUE,0.963645864
745,6.89E-05,0.000942794,35,58.4888558,0.837818373,2,"(1, 3)",TRUE,0.966445321
746,1.04E-05,0.230190471,75,63.72484136,0.858060065,2,"(1, 3)",TRUE,0.962473824
747,4.40E-06,0.020118445,25,56.12367715,0.767015734,2,"(1, 3)",FALSE,0.963603804
748,3.76E-05,0.086310713,45,57.72794975,0.785130297,1,"(1, 1)",TRUE,0.958863305
749,2.71E-05,0.041284845,40,54.65883038,0.741373562,2,"(1, 2)",TRUE,0.965372063
750,4.17E-07,0.10576484,75,60.7699727,0.80123413,2,"(1, 3)",TRUE,0.954928022
751,1.87E-05,0.138807154,65,65.14976062,0.706719396,2,"(1, 3)",TRUE,0.96443459
752,9.83E-05,0.197255134,75,52.20817475,0.755276448,2,"(1, 3)",TRUE,0.961417693
753,1.43E-09,0.06427969,45,59.20822383,0.77604965,2,"(1, 3)",TRUE,0.953815338
754,6.61E-06,0.031622368,60,50.89260282,0.806626221,3,"(1, 3)",TRUE,0.961611669
755,1.30E-05,0.124971743,75,50.03833103,0.815292326,2,"(1, 3)",TRUE,0.964528386
756,1.54E-08,0.058034583,75,62.88298845,0.832418612,2,"(1, 3)",FALSE,0.952807701
757,7.32E-05,0.367740816,70,52.91442055,0.819301774,2,"(1, 3)",TRUE,0.959726844
758,2.29E-05,0.01762667,20,54.13958202,0.748444214,2,"(1, 3)",TRUE,0.966265027
759,1.74E-06,0.270826726,45,57.18720597,0.853524407,1,"(1, 1)",TRUE,0.945227365
760,4.56E-05,0.094891115,50,59.86871104,0.796774967,2,"(1, 2)",TRUE,0.964561252
761,9.17E-06,0.001860149,75,67.10264667,0.768391562,2,"(1, 3)",TRUE,0.964748432
762,5.77E-05,0.163151921,35,55.55014986,0.839894258,2,"(1, 3)",TRUE,0.963906152
763,2.64E-08,0.073124953,75,82.98364222,0.826179033,2,"(1, 3)",TRUE,0.954868663
764,3.26E-05,0.00108748,25,64.57217845,0.780347469,3,"(1, 3)",TRUE,0.965116973
765,4.33E-05,0.047865534,45,61.77612941,0.848700271,2,"(1, 3)",FALSE,0.965457702
766,9.90E-05,0.246193204,40,56.32590497,0.81130066,2,"(1, 3)",TRUE,0.960611718
767,8.03E-05,0.118756671,75,57.97261157,0.791099192,2,"(1, 3)",TRUE,0.963768043
768,1.90E-05,0.027201654,65,51.81311137,0.760723323,2,"(1, 1)",TRUE,0.954730696
769,1.43E-05,0.090930827,75,98.28647572,0.730606615,1,"(1, 3)",TRUE,0.96461472
770,2.79E-05,0.046737343,60,53.56886269,0.774091822,2,"(1, 2)",TRUE,0.965684569
771,7.79E-09,0.144918779,45,61.05149529,0.798439044,2,"(1, 3)",TRUE,0.953646798
772,6.47E-05,0.175500749,75,54.88226358,0.782773667,2,"(1, 3)",TRUE,0.963204579
773,3.60E-05,0.017265315,70,58.88405267,0.754666858,2,"(1, 3)",TRUE,0.966738926
774,9.94E-05,0.076318381,75,56.75895588,0.716667342,3,"(1, 3)",FALSE,0.963743216
775,1.12E-05,0.201027183,45,63.04922323,0.788445671,2,"(1, 3)",TRUE,0.963616678
776,3.53E-08,0.889172437,75,60.52756997,0.808279917,2,"(1, 3)",TRUE,0.953151455
777,5.05E-05,0.033470227,50,92.24985645,0.744323195,2,"(1, 3)",TRUE,0.965443396
778,2.41E-05,0.428937703,20,50.92214,0.865443246,2,"(1, 1)",TRUE,0.953926074
779,7.65E-06,0.061580773,75,52.85379646,0.804619228,1,"(1, 3)",TRUE,0.96483428
780,1.53E-05,0.102019979,35,69.76482917,0.822658716,2,"(1, 2)",TRUE,0.963807457
781,8.03E-05,0.398479392,45,58.13299876,0.832720584,2,"(1, 3)",TRUE,0.959245971
782,3.00E-05,0.125811493,25,55.42689696,0.735660223,2,"(1, 3)",TRUE,0.965224257
783,3.83E-06,0.018800929,40,59.56888713,0.764084132,2,"(1, 3)",FALSE,0.963960029
784,9.94E-05,0.288790447,75,77.63261051,0.77514561,3,"(1, 3)",TRUE,0.960504677
785,4.22E-05,0.037171661,65,54.24370681,0.814159232,2,"(1, 3)",TRUE,0.966314994
786,6.70E-05,0.031501613,75,55.96457058,0.708996498,2,"(1, 3)",TRUE,0.965923197
787,5.79E-05,0.011306011,75,54.77667207,0.715032256,2,"(1, 3)",TRUE,0.966407313
788,7.05E-05,7.86E-05,75,57.3709765,0.700662699,2,"(1, 3)",TRUE,0.966569844
789,3.73E-05,0.00306522,75,53.62728769,0.723257896,2,"(1, 3)",TRUE,0.966805491
790,3.38E-05,0.052527239,75,50.05115953,0.722257405,2,"(1, 3)",TRUE,0.965894467
791,4.73E-05,0.000162427,75,51.99403442,0.723491438,2,"(1, 3)",TRUE,0.966990748
792,5.39E-05,0.001452958,75,51.90098756,0.718619056,2,"(1, 3)",TRUE,0.966817041
793,4.85E-05,0.06673591,75,52.62508104,0.73017371,2,"(1, 3)",TRUE,0.965702783
794,2.37E-05,0.019720199,75,51.34551328,0.712537848,2,"(1, 3)",TRUE,0.96573689
795,3.00E-05,0.043520612,75,53.23612644,0.74266432,2,"(1, 3)",TRUE,0.966072098
796,4.08E-05,0.000592963,75,50.757315,0.752601614,2,"(1, 3)",TRUE,0.966439394
797,1.93E-05,0.076751665,75,52.33193614,0.843613433,2,"(1, 3)",TRUE,0.965297893
798,8.48E-05,0.000345718,75,55.02255706,0.709634941,2,"(1, 3)",TRUE,0.965940124
799,4.92E-05,0.035719486,75,56.52892327,0.825222764,2,"(1, 3)",TRUE,0.966074317
800,2.20E-05,0.000181717,75,54.42793541,0.736162848,2,"(1, 3)",TRUE,0.966555553
801,6.17E-05,0.061442094,75,53.73563633,0.701922808,2,"(1, 3)",TRUE,0.965547737
802,9.92E-05,0.023200557,75,55.96314852,0.793749144,2,"(1, 3)",TRUE,0.965101558
803,3.24E-05,0.086872368,75,51.55889704,0.727930627,2,"(1, 3)",TRUE,0.965681398
804,1.00E-04,0.049854709,75,57.2946381,0.757691416,2,"(1, 3)",TRUE,0.964751914
805,4.14E-05,0.001099675,75,50.17878716,0.769759903,2,"(1, 3)",TRUE,0.966905653
806,7.90E-05,0.031341863,75,51.5499167,0.738037859,2,"(1, 3)",TRUE,0.965626744
807,4.52E-05,0.00108431,75,50.69022609,0.768873323,2,"(1, 3)",TRUE,0.966638411
808,6.09E-05,0.07000327,75,50.21404079,0.742092753,2,"(1, 3)",TRUE,0.965410837
809,2.55E-05,0.000349893,60,52.58334633,0.746760407,2,"(1, 3)",TRUE,0.966414779
810,3.76E-05,0.091402226,45,50.79068624,0.750064742,2,"(1, 3)",TRUE,0.965648007
811,1.80E-05,0.019970467,75,55.18288638,0.761891414,2,"(1, 3)",TRUE,0.965837119
812,5.08E-05,0.05040182,75,58.54885016,0.703343806,2,"(1, 3)",TRUE,0.966037241
813,9.99E-05,0.108335513,70,53.65085735,0.758770316,2,"(1, 3)",TRUE,0.962963085
814,7.48E-05,0.054013865,45,52.2685205,0.76620261,2,"(1, 3)",TRUE,0.965534261
815,2.87E-05,0.023935803,20,50.26123599,0.717744521,2,"(1, 3)",TRUE,0.966406213
816,4.31E-05,0.072049089,75,50.01993782,0.732289725,2,"(1, 3)",TRUE,0.965556297
817,1.57E-05,0.083548228,75,56.20370281,0.748793658,2,"(1, 3)",TRUE,0.965376012
818,6.25E-05,0.041449745,35,57.68810062,0.723258934,2,"(1, 3)",TRUE,0.96609627
819,2.60E-05,0.109139878,50,54.55395181,0.773032284,2,"(1, 3)",TRUE,0.965252174
820,2.20E-05,0.025245883,45,59.34378099,0.752636091,2,"(1, 3)",TRUE,0.965814285
821,3.53E-05,0.016114461,75,51.79039635,0.740742987,2,"(1, 3)",TRUE,0.96664131
822,8.06E-05,0.00134273,25,55.58313549,0.78461383,2,"(1, 3)",TRUE,0.966626418
823,5.29E-05,0.046149005,65,53.11819994,0.727624694,2,"(1, 3)",TRUE,0.96639516
824,1.30E-05,0.001450583,40,56.95823192,0.764797982,2,"(1, 3)",TRUE,0.966085949
825,1.94E-05,8.69E-05,75,50.08732974,0.778143501,2,"(1, 3)",TRUE,0.966393173
826,4.21E-05,0.064724659,60,53.89845581,0.771746554,2,"(1, 3)",TRUE,0.966242949
827,6.59E-05,0.090686919,75,58.66011565,0.707562357,2,"(1, 3)",TRUE,0.964863812
828,3.05E-05,0.128120277,45,59.88944096,0.734048775,2,"(1, 3)",TRUE,0.96482861
829,8.03E-05,0.040601531,75,58.13373425,0.756894481,1,"(1, 1)",TRUE,0.960654367
830,5.22E-05,0.019127488,75,50.05256902,0.786480968,2,"(1, 2)",TRUE,0.966142233
831,2.35E-05,0.108752133,70,50.00377387,0.778333549,2,"(1, 3)",TRUE,0.965437145
832,1.68E-05,0.062172414,45,52.35865374,0.70008389,2,"(1, 3)",TRUE,0.965598038
833,9.92E-05,0.076642445,75,60.87907995,0.743347827,2,"(1, 3)",TRUE,0.964009889
834,3.84E-05,0.036977986,50,56.27868914,0.762999048,2,"(1, 3)",TRUE,0.966628114
835,6.79E-05,0.146714168,20,54.67963667,0.751552772,3,"(1, 3)",TRUE,0.96394139
836,1.07E-05,0.483494761,75,51.28458224,0.72742768,2,"(1, 3)",TRUE,0.960954261
837,2.86E-05,0.016778423,35,61.84761681,0.767555812,2,"(1, 3)",FALSE,0.965582162
838,1.30E-05,0.098711519,45,53.14924189,0.782557322,2,"(1, 3)",TRUE,0.965277914
839,4.83E-05,0.001165232,75,75.10193552,0.73767875,2,"(1, 3)",TRUE,0.966022826
840,3.47E-05,0.053691793,40,56.95986448,0.757229018,1,"(1, 1)",TRUE,0.958945445
841,1.93E-05,0.120301338,25,55.41787987,0.789088275,2,"(1, 2)",TRUE,0.964726616
842,9.94E-05,0.001271216,75,53.92157732,0.71251934,2,"(1, 3)",TRUE,0.966176302
843,6.64E-05,0.073857405,75,59.80323778,0.746825816,2,"(1, 3)",TRUE,0.96546525
844,4.59E-05,0.033778212,45,81.19918314,0.802483868,2,"(1, 3)",TRUE,0.966092798
845,8.21E-05,0.000202602,65,58.45874669,0.836473578,3,"(1, 3)",TRUE,0.966054634
846,2.60E-05,0.717858968,75,57.66732333,0.771344794,2,"(1, 3)",TRUE,0.959037652
847,9.98E-05,0.090699164,60,87.3566813,0.777649755,2,"(1, 3)",FALSE,0.962930656
848,1.55E-05,0.053376181,75,52.3362923,0.794844095,2,"(1, 3)",TRUE,0.964949078
849,5.90E-05,0.138590008,70,56.21160756,0.719235962,2,"(1, 3)",TRUE,0.964237425
850,3.56E-05,0.03180702,45,54.21314416,0.762342239,2,"(1, 3)",TRUE,0.966435662
851,2.32E-05,0.000428226,20,51.25084055,0.856934189,1,"(1, 1)",TRUE,0.95707188
852,8.74E-06,0.020000123,75,60.77678967,0.808977389,2,"(1, 2)",TRUE,0.964456643
853,4.04E-05,0.564590603,50,59.09821471,0.818691988,2,"(1, 3)",TRUE,0.959900094
854,5.29E-05,0.116334194,75,55.00261371,0.829317605,2,"(1, 3)",TRUE,0.964779754
855,1.80E-05,0.077206755,45,52.90630126,0.799038081,2,"(1, 3)",TRUE,0.965530896
856,2.91E-05,0.057043024,35,62.40418411,0.848518599,3,"(1, 3)",TRUE,0.964826536
857,6.94E-05,0.000665809,75,57.21285114,0.755923061,2,"(1, 3)",FALSE,0.96610461
858,1.16E-05,0.977258347,25,55.34799046,0.784066114,2,"(1, 3)",TRUE,0.945132025
859,2.31E-05,0.162476995,40,51.11533091,0.773291265,2,"(1, 3)",TRUE,0.964440255
860,4.10E-05,0.094320149,65,56.1918812,0.790592904,2,"(1, 3)",TRUE,0.965567879
861,3.05E-05,0.03564231,75,60.18411855,0.840153232,2,"(1, 3)",TRUE,0.965501604
862,1.20E-08,0.06652676,75,94.97685032,0.733006517,2,"(1, 1)",TRUE,0.942468443
863,5.68E-05,0.014888125,45,53.98729418,0.803543869,1,"(1, 2)",TRUE,0.965000839
864,7.98E-05,0.137306692,75,50.09682406,0.746945976,2,"(1, 3)",TRUE,0.963344204
865,1.47E-05,0.04746684,30,63.96679289,0.811283183,2,"(1, 3)",TRUE,0.965068411
866,9.94E-05,0.113971408,60,58.82355867,0.700124419,2,"(1, 3)",TRUE,0.963295122
867,9.94E-06,0.000301205,55,61.56301441,0.998286492,3,"(1, 3)",FALSE,0.962081033
868,1.00E-04,0.090116903,75,52.01324304,0.768160843,2,"(1, 3)",TRUE,0.963578065
869,6.20E-08,0.787172792,45,50.01158099,0.738709997,2,"(1, 3)",TRUE,0.95309584
870,2.00E-05,0.018680203,20,57.01247104,0.779247613,2,"(1, 3)",TRUE,0.965860994
871,5.69E-06,0.000223665,70,57.65471806,0.760129441,2,"(1, 3)",TRUE,0.964944817
872,4.74E-05,0.056191968,75,52.92756134,0.725841813,2,"(1, 3)",TRUE,0.96577287
873,3.53E-05,0.032253341,75,62.49965365,0.821473411,1,"(1, 1)",TRUE,0.958822999
874,8.07E-05,0.078637089,50,54.97931115,0.862976924,2,"(1, 2)",TRUE,0.964639711
875,5.48E-05,0.154028482,45,59.29816529,0.79662281,2,"(1, 3)",TRUE,0.964281737
876,2.79E-05,0.000524658,35,56.0570264,0.751859502,2,"(1, 3)",TRUE,0.966097196
877,1.72E-05,0.102076904,75,58.22278265,0.835084481,2,"(1, 3)",FALSE,0.964556456
878,1.30E-05,0.128833876,25,53.53241372,0.852382349,2,"(1, 3)",TRUE,0.964646004
879,6.65E-05,0.016879731,40,60.72421713,0.78573496,2,"(1, 3)",TRUE,0.966244161
880,7.57E-06,0.040471536,75,51.49798682,0.81477826,2,"(1, 3)",TRUE,0.965015141
881,4.45E-09,0.064147851,75,63.48931621,0.767781655,3,"(1, 3)",TRUE,0.953654124
882,3.47E-05,0.179930383,65,54.79657892,0.791295359,2,"(1, 3)",TRUE,0.964547284
883,4.23E-05,0.085591892,45,52.44483004,0.843279318,2,"(1, 3)",TRUE,0.965270306
884,9.93E-05,0.031145923,60,59.69256205,0.775272952,1,"(1, 1)",TRUE,0.960730656
885,2.26E-05,0.00081603,30,56.61583624,0.830588964,2,"(1, 2)",TRUE,0.965519979
886,5.77E-05,0.052076253,75,54.11028981,0.806354244,2,"(1, 3)",TRUE,0.965921382
887,8.25E-05,0.110528539,55,61.52789787,0.741514643,2,"(1, 3)",FALSE,0.962976825
888,3.04E-05,0.020308935,75,58.37821656,0.755424674,2,"(1, 3)",TRUE,0.966372634
889,4.76E-05,0.073898292,70,79.29540774,0.798349882,2,"(1, 3)",TRUE,0.964824309
890,9.99E-06,0.134179864,45,72.00214112,0.783903162,3,"(1, 3)",TRUE,0.962488048
891,2.70E-07,0.04733343,20,55.77671379,0.826887838,2,"(1, 3)",TRUE,0.952175037
892,1.50E-05,0.01746924,75,65.52828427,0.821244836,2,"(1, 3)",TRUE,0.965452152
893,2.07E-05,0.166299097,50,50.05745875,0.706455822,2,"(1, 3)",TRUE,0.965167907
894,9.93E-05,0.095205518,75,51.13785866,0.778787175,2,"(1, 3)",TRUE,0.963670162
895,6.98E-05,0.03452869,45,57.28251664,0.772231924,1,"(1, 1)",TRUE,0.960876386
896,2.71E-05,0.066345079,35,60.42538785,0.719066303,2,"(1, 2)",TRUE,0.96511363
897,3.95E-05,0.001475563,75,53.40778647,0.762427481,2,"(1, 3)",FALSE,0.96600638
898,1.16E-07,0.000885541,25,55.31600864,0.746172303,2,"(1, 3)",TRUE,0.953803121
899,1.25E-05,0.535480267,40,52.01371952,0.729859723,2,"(1, 3)",TRUE,0.960573377
900,5.67E-05,0.212653295,65,64.48617378,0.815089204,2,"(1, 3)",TRUE,0.963088594
901,2.31E-05,0.641817981,75,62.96536755,0.789904735,3,"(1, 3)",TRUE,0.958375014
902,1.68E-05,0.464034554,75,56.66367713,0.803048668,2,"(1, 3)",TRUE,0.960608631
903,1.79E-07,0.108694447,45,57.97377471,0.752397643,2,"(1, 3)",TRUE,0.953882248
904,3.36E-05,0.082067552,60,54.13989124,0.765662314,2,"(1, 3)",TRUE,0.966139166
905,7.76E-05,0.046001652,30,59.7358315,0.73598066,2,"(1, 3)",TRUE,0.965359867
906,6.10E-07,0.141207406,75,52.8260861,0.870412203,1,"(1, 1)",TRUE,0.943582306
907,4.86E-05,0.016418118,55,61.97315094,0.857240651,2,"(1, 2)",FALSE,0.965801604
908,6.79E-06,0.063984563,75,58.96020627,0.839082727,2,"(1, 3)",TRUE,0.964027884
909,4.34E-05,0.120071221,45,51.07389636,0.810002752,2,"(1, 3)",TRUE,0.964971394
910,6.56E-05,0.674697877,70,89.25655178,0.849038702,2,"(1, 3)",TRUE,0.956855516
911,2.52E-05,0.029630443,20,55.30340087,0.794371961,2,"(1, 3)",TRUE,0.966315056
912,9.13E-06,0.191599296,75,57.88154789,0.779546049,3,"(1, 3)",TRUE,0.96142468
913,5.06E-06,0.095662828,75,56.02330521,0.770671857,2,"(1, 3)",TRUE,0.963778409
914,3.34E-05,0.040882887,50,61.101672,0.757757914,2,"(1, 3)",TRUE,0.966002308
915,8.25E-05,0.155221387,45,54.41299435,0.831208059,2,"(1, 3)",TRUE,0.962867322
916,1.86E-05,0.001187701,75,52.71892517,0.816903654,2,"(1, 3)",TRUE,0.96673242
917,1.22E-05,0.063826891,35,50.15022593,0.788291131,1,"(1, 1)",FALSE,0.953983369
918,9.90E-05,0.608524649,25,66.05117887,0.800847534,2,"(1, 2)",TRUE,0.954529176
919,5.63E-05,0.017836301,65,56.58042107,0.743338082,2,"(1, 3)",TRUE,0.966237532
920,3.99E-05,0.08862494,75,51.78889565,0.71399783,2,"(1, 3)",TRUE,0.965876655
921,1.61E-05,0.000791882,40,50.04213342,0.750669584,2,"(1, 3)",TRUE,0.965260289
922,8.65E-08,0.000655871,75,73.8249853,0.823801675,2,"(1, 3)",TRUE,0.953731268
923,2.78E-05,0.125101943,45,59.18009371,0.726647435,3,"(1, 3)",TRUE,0.964171931
924,2.13E-05,0.052679577,60,53.99377931,0.80712226,2,"(1, 3)",TRUE,0.965919493
925,6.79E-05,0.507457913,30,62.86053721,0.845724169,2,"(1, 3)",TRUE,0.958292864
926,3.20E-05,0.939188338,75,60.5533105,0.762709221,2,"(1, 3)",TRUE,0.955652509
927,4.54E-05,0.03023205,75,67.65151849,0.78613676,2,"(1, 3)",FALSE,0.965042303
928,7.57E-07,0.000596915,55,57.023368,0.776180286,1,"(1, 1)",TRUE,0.946893537
929,1.14E-05,7.47E-07,45,55.43736105,0.79517846,2,"(1, 2)",TRUE,0.964716493
930,1.00E-04,0.074388373,70,53.32422768,0.836704124,2,"(1, 3)",TRUE,0.963841745
931,8.04E-06,0.815319977,20,64.77911741,0.768116424,2,"(1, 3)",TRUE,0.949562765
932,5.53E-05,0.114462941,75,51.98126666,0.737026018,2,"(1, 3)",TRUE,0.964820797
933,8.42E-05,0.039094046,50,50.9181576,0.861793565,2,"(1, 3)",TRUE,0.9654925
934,2.59E-05,0.021175988,75,70.67085498,0.780601547,3,"(1, 3)",TRUE,0.964623971
935,3.86E-05,0.098423005,45,58.04945471,0.82798774,2,"(1, 3)",TRUE,0.965223698
936,1.44E-05,0.173892055,35,61.71044484,0.811864397,2,"(1, 3)",TRUE,0.963644635
937,2.00E-05,0.145986938,75,54.72202382,0.802660863,2,"(1, 3)",FALSE,0.964186985
938,6.90E-05,0.057934685,40,59.98691375,0.759834088,2,"(1, 3)",TRUE,0.964999132
939,5.01E-05,0.086594511,25,59.07894751,0.819204788,1,"(1, 1)",TRUE,0.959824933
940,9.94E-05,0.069340883,75,63.82272963,0.791969733,2,"(1, 2)",TRUE,0.964339099
941,1.13E-09,0.019383106,65,56.10686188,0.746422448,2,"(1, 3)",TRUE,0.952665747
942,2.86E-05,0.042380657,75,57.24545768,0.724083919,2,"(1, 3)",TRUE,0.966195303
943,3.90E-05,0.00020125,45,99.67019782,0.773751906,2,"(1, 3)",TRUE,0.966206905
944,6.12E-05,0.126840398,60,53.37167437,0.782674568,2,"(1, 3)",TRUE,0.964090178
945,1.70E-05,0.227702655,30,50.01768638,0.877091035,3,"(1, 3)",TRUE,0.962002755
946,2.31E-05,0.108677955,75,54.61932703,0.753632282,2,"(1, 3)",TRUE,0.965141129
947,6.58E-06,0.913745947,75,57.91314916,0.765784251,2,"(1, 3)",TRUE,0.947952797
948,9.96E-05,0.340120302,45,52.42344854,0.79941289,2,"(1, 3)",FALSE,0.958278655
949,1.10E-05,0.050749747,20,62.18649051,0.833930012,2,"(1, 3)",TRUE,0.96477578
950,3.21E-05,0.076762884,55,60.93521774,0.732533413,1,"(1, 1)",TRUE,0.958639055
951,4.89E-05,0.766492607,75,66.82024474,0.806397126,2,"(1, 2)",TRUE,0.957299853
952,7.30E-05,0.01952282,70,91.40537061,0.788041602,2,"(1, 3)",TRUE,0.965590706
953,1.41E-05,0.741901593,50,84.9431981,0.824900983,2,"(1, 3)",TRUE,0.955798337
954,2.01E-05,0.851481121,75,51.12634372,0.814052995,2,"(1, 3)",TRUE,0.956770302
955,9.94E-05,0.162829703,45,55.69778579,0.845998181,2,"(1, 3)",TRUE,0.962108401
956,1.20E-06,0.037909273,75,69.15107784,0.711842925,3,"(1, 3)",TRUE,0.960491423
957,2.23E-06,0.198159676,35,58.84588759,0.852061691,2,"(1, 3)",TRUE,0.960785068
958,3.90E-05,0.2564108,25,53.8147536,0.74354143,2,"(1, 3)",FALSE,0.963107532
959,9.24E-06,0.062295563,40,56.8229197,0.757576168,2,"(1, 3)",TRUE,0.96443316
960,7.68E-05,0.019920692,75,59.75414561,0.772129989,2,"(1, 3)",TRUE,0.966060984
961,5.80E-05,0.30797501,75,50.07344285,0.796161681,2,"(1, 1)",TRUE,0.958098473
962,5.67E-06,0.10340133,65,63.38994405,0.777961257,1,"(1, 2)",TRUE,0.965484043
963,2.95E-05,0.133404038,45,52.9413536,0.71765838,2,"(1, 3)",TRUE,0.964920324
964,4.72E-05,0.081001307,60,76.78623911,0.839237647,2,"(1, 3)",TRUE,0.965170296
965,2.39E-05,0.034483732,75,54.84152961,0.869105214,2,"(1, 3)",TRUE,0.966004883
966,3.49E-05,0.059022001,30,58.44418573,0.750526518,2,"(1, 3)",TRUE,0.966000672
967,4.29E-06,0.018922163,75,51.74705311,0.761803074,3,"(1, 3)",TRUE,0.961134793
968,3.15E-06,0.001409575,55,57.27455958,0.819329694,2,"(1, 3)",FALSE,0.963457565
969,1.66E-05,0.151546376,45,60.54040261,0.783391496,2,"(1, 3)",TRUE,0.964061129
970,2.23E-08,0.181943746,70,55.9717146,0.706953536,2,"(1, 3)",TRUE,0.953526604
971,8.45E-05,6.04E-05,20,93.39832655,0.700270563,2,"(1, 3)",TRUE,0.966109862
972,5.83E-05,0.096262194,75,54.01926749,0.738365683,1,"(1, 1)",TRUE,0.960023091
973,1.24E-05,0.410269906,75,78.41700733,0.85492366,2,"(1, 3)",TRUE,0.961270395
974,4.31E-05,0.047655419,45,52.57664138,0.769076778,2,"(1, 2)",TRUE,0.96584161
975,2.73E-05,0.074692957,50,62.12399576,0.810091417,2,"(1, 3)",TRUE,0.965205647
976,3.24E-07,0.121445394,75,51.00353478,0.791522536,2,"(1, 3)",TRUE,0.95464582
977,6.86E-05,0.875391606,25,55.37575016,0.801423971,2,"(1, 3)",TRUE,0.954132871
978,2.09E-05,0.030609023,40,57.76182025,0.829747272,3,"(1, 3)",FALSE,0.963524391
979,7.85E-06,0.001733733,35,59.56061118,0.861344947,2,"(1, 3)",TRUE,0.964810986
980,1.67E-05,0.085401519,75,61.31427887,0.721909291,2,"(1, 3)",TRUE,0.965324555
981,3.60E-05,0.019423882,65,80.16022825,0.776036045,2,"(1, 3)",TRUE,0.966646608
982,9.91E-05,0.04956377,75,64.67492022,0.823549122,2,"(1, 3)",TRUE,0.964507112
983,5.43E-05,0.10351071,60,56.75843801,0.754121098,2,"(1, 1)",TRUE,0.959286034
984,8.04E-05,0.143799204,45,50.00268833,0.785482636,1,"(1, 3)",TRUE,0.958773981
985,1.07E-05,0.064755126,30,53.72665759,0.805528175,2,"(1, 2)",TRUE,0.96448057
986,2.44E-05,0.367466784,75,82.03845042,0.844022991,2,"(1, 3)",TRUE,0.961577242
987,4.51E-05,0.036941974,75,66.04832946,0.763189851,2,"(1, 3)",TRUE,0.966097252
988,3.34E-05,0.116295443,55,62.84733724,0.745770145,2,"(1, 3)",FALSE,0.964530003
989,6.23E-05,0.215361888,45,58.50019012,0.794473436,3,"(1, 3)",TRUE,0.963242637
990,1.81E-05,0.171437956,70,51.95732565,0.732152096,2,"(1, 3)",TRUE,0.964420991
991,2.69E-05,0.689675447,75,54.87037588,0.779996354,2,"(1, 3)",TRUE,0.959556506
992,9.90E-05,0.017418414,20,55.98892016,0.8133818,2,"(1, 3)",TRUE,0.9654251
993,1.33E-05,0.062615247,75,53.22645926,0.770602641,2,"(1, 3)",TRUE,0.965183035
994,1.46E-07,0.090050698,50,57.41786419,0.831778511,2,"(1, 1)",TRUE,0.938095853
995,8.25E-05,0.038639404,45,50.83008083,0.798057405,1,"(1, 3)",TRUE,0.960482679
996,4.66E-05,0.016874734,35,60.9576807,0.83765805,2,"(1, 2)",TRUE,0.966100722
997,3.21E-05,0.000782999,75,59.7157693,0.75783626,2,"(1, 3)",TRUE,0.966495282
998,5.37E-06,0.125407406,25,54.4525189,0.788498131,2,"(1, 3)",FALSE,0.962519126
999,9.65E-06,0.053939829,75,58.84515624,0.808432177,2,"(1, 3)",TRUE,0.964733286
1000,9.95E-05,0.07769767,40,63.84263655,0.739312062,3,"(1, 3)",TRUE,0.963917258